date,open,high,low,close,volume,trading_value,change_rate,foreign_net,institution_net
2025-02-05,60500,61900,54900,55800,11928487,0,0.0,0,0
2025-02-06,56400,58000,55000,57700,4504009,0,3.405,0,0
2025-02-07,57700,58300,56200,57200,2240564,0,-0.8666,0,0
2025-02-10,56400,57700,55700,55700,1547194,0,-2.6224,0,0
2025-02-11,56100,56300,54200,54400,1517341,0,-2.3339,0,0
2025-02-12,54200,55700,53800,54300,987535,0,-0.1838,0,0
2025-02-13,55200,56800,54700,55700,1574873,0,2.5783,0,0
2025-02-14,55400,55500,54300,54500,929423,0,-2.1544,0,0
2025-02-17,54600,54600,53100,53200,965351,0,-2.3853,0,0
2025-02-18,53300,53600,52000,52100,1021817,0,-2.0677,0,0
2025-02-19,52800,53200,52200,52300,803215,0,0.3839,0,0
2025-02-20,52200,52700,51200,51300,735273,0,-1.912,0,0
2025-02-21,51500,52200,51200,51700,526764,0,0.7797,0,0
2025-02-24,50900,51400,50100,50300,666499,0,-2.7079,0,0
2025-02-25,50200,51100,49750,50700,622991,0,0.7952,0,0
2025-02-26,50400,50700,49950,50100,387046,0,-1.1834,0,0
2025-02-27,50200,50200,49400,49950,584305,0,-0.2994,0,0
2025-02-28,49300,49400,48350,48350,719821,0,-3.2032,0,0
2025-03-04,47850,47900,46550,46550,743054,0,-3.7229,0,0
2025-03-05,47000,47800,46500,47400,672430,0,1.826,0,0
2025-03-06,47700,51300,47400,51000,2214248,0,7.5949,0,0
2025-03-07,50300,51700,50300,51200,865391,0,0.3922,0,0
2025-03-10,51000,51100,49800,50500,441922,0,-1.3672,0,0
2025-03-11,48950,51500,48800,50700,526969,0,0.396,0,0
2025-03-12,51200,52900,51000,52200,982245,0,2.9586,0,0
2025-03-13,52600,52700,51000,51700,462240,0,-0.9579,0,0
2025-03-14,51700,52600,51300,51700,320626,0,0.0,0,0
2025-03-17,51700,52300,51200,51200,380336,0,-0.9671,0,0
2025-03-18,51600,52400,51400,51700,346065,0,0.9766,0,0
2025-03-19,52000,53400,51800,52800,851039,0,2.1277,0,0
2025-03-20,53300,53300,52300,52400,386265,0,-0.7576,0,0
2025-03-21,52300,52900,52100,52200,265520,0,-0.3817,0,0
2025-03-24,51800,52400,51600,52000,191469,0,-0.3831,0,0
2025-03-25,51900,52200,51600,51600,209816,0,-0.7692,0,0
2025-03-26,51700,52600,51100,52000,281388,0,0.7752,0,0
2025-03-27,51500,51900,51100,51100,178120,0,-1.7308,0,0
2025-03-28,51100,51500,49800,49800,309677,0,-2.544,0,0
2025-03-31,48750,49750,48750,49000,220463,0,-1.6064,0,0
2025-04-01,49300,49850,48850,48900,213936,0,-0.2041,0,0
2025-04-02,49100,49200,47850,48300,257418,0,-1.227,0,0
2025-04-03,47400,49450,47400,48850,233579,0,1.1387,0,0
2025-04-04,48300,50100,47900,50000,223526,0,2.3541,0,0
2025-04-07,48850,49450,48350,48350,322021,0,-3.3,0,0
2025-04-08,49200,50200,48350,48400,229463,0,0.1034,0,0
2025-04-09,48000,48650,47000,47450,231484,0,-1.9628,0,0
2025-04-10,49300,49500,48100,48350,215583,0,1.8967,0,0
2025-04-11,47950,49250,47825,48800,250572,0,0.9307,0,0
2025-04-14,48900,49650,48600,49400,239579,0,1.2295,0,0
2025-04-15,49500,50700,49000,50700,267055,0,2.6316,0,0
2025-04-16,50700,51500,50500,50900,279435,0,0.3945,0,0
2025-04-17,50800,51300,50700,50900,152118,0,0.0,0,0
2025-04-18,51000,52100,50550,52000,254235,0,2.1611,0,0
2025-04-21,52000,52400,51800,52200,210245,0,0.3846,0,0
2025-04-22,51800,52300,51800,52200,141863,0,0.0,0,0
2025-04-23,52400,52800,51500,52600,222403,0,0.7663,0,0
2025-04-24,52500,53000,52200,52700,211607,0,0.1901,0,0
2025-04-25,52700,53100,52400,52700,139114,0,0.0,0,0
2025-04-28,53000,55300,52900,54700,1030694,0,3.7951,0,0
2025-04-29,54800,55400,54000,54300,477121,0,-0.7313,0,0
2025-04-30,54200,54200,52400,52600,315561,0,-3.1308,0,0
2025-05-02,52900,53300,52300,52400,212687,0,-0.3802,0,0
2025-05-07,52300,52900,51500,52900,260652,0,0.9542,0,0
2025-05-08,52900,54400,52600,54100,301379,0,2.2684,0,0
2025-05-09,54000,54900,54000,54800,277569,0,1.2939,0,0
2025-05-12,55000,57100,54300,56100,717558,0,2.3723,0,0
2025-05-13,56400,56500,55600,56000,285636,0,-0.1783,0,0
2025-05-14,56100,57000,55800,56600,366182,0,1.0714,0,0
2025-05-15,56600,56700,55200,55500,266163,0,-1.9435,0,0
2025-05-16,55700,56000,54400,55100,239654,0,-0.7207,0,0
2025-05-19,54600,55300,54100,54700,155191,0,-0.726,0,0
2025-05-20,55500,55500,52600,52800,307992,0,-3.4735,0,0
2025-05-21,52500,53700,52500,53200,156131,0,0.7576,0,0
2025-05-22,52600,53000,51700,52400,179864,0,-1.5038,0,0
2025-05-23,52300,52600,51500,51700,148536,0,-1.3359,0,0
2025-05-26,51400,52300,51300,52100,138736,0,0.7737,0,0
2025-05-27,52300,53100,51000,51400,230416,0,-1.3436,0,0
2025-05-28,51600,51900,50700,50900,293556,0,-0.9728,0,0
2025-05-29,51100,51300,50300,50900,252356,0,0.0,0,0
2025-05-30,50700,50900,50200,50200,182337,0,-1.3752,0,0
2025-06-02,50200,50500,49600,50400,143323,0,0.3984,0,0
2025-06-04,50600,51300,50600,51200,210224,0,1.5873,0,0
2025-06-05,51500,52100,51000,51500,268155,0,0.5859,0,0
2025-06-09,52000,53600,51800,53500,382031,0,3.8835,0,0
2025-06-10,53900,54000,52700,53300,297179,0,-0.3738,0,0
2025-06-11,53400,54100,52400,52700,332483,0,-1.1257,0,0
2025-06-12,52800,61600,52700,59000,7645330,0,11.9545,0,0
2025-06-13,59700,64300,58200,63900,7959500,0,8.3051,0,0
2025-06-16,64500,72900,63900,71100,9106850,0,11.2676,0,0
2025-06-17,73800,78000,70700,75200,7428527,0,5.7665,0,0
2025-06-18,74700,81600,73200,80100,5537070,0,6.516,0,0
2025-06-19,81800,81800,77300,81800,943636,0,2.1223,0,0
2025-06-20,81900,89400,81600,89400,1053066,0,9.291,0,0
2025-06-23,92500,100800,92000,97400,1333295,0,8.9485,0,0
2025-06-24,100000,100000,91800,97000,987777,0,-0.4107,0,0
2025-06-25,92300,92300,84100,85500,1352050,0,-11.8557,0,0
2025-06-26,80300,80300,72900,78500,1946773,0,-8.1871,0,0
2025-06-27,78500,85900,77500,84500,6729996,0,7.6433,0,0
2025-06-30,80100,80900,73500,75100,3969826,0,-11.1243,0,0
2025-07-01,77000,82200,76100,80800,1888255,0,7.5899,0,0
2025-07-02,84600,84900,80500,80600,1182550,0,-0.2475,0,0
2025-07-03,79000,83700,77600,77900,1185032,0,-3.3499,0,0
2025-07-04,79800,81000,77300,79900,1026917,0,2.5674,0,0
2025-07-07,83000,85200,79200,79400,1325075,0,-0.6258,0,0
2025-07-08,82300,82400,78700,81500,830075,0,2.6448,0,0
2025-07-09,82500,83500,80600,81400,710713,0,-0.1227,0,0
2025-07-10,80800,82700,77500,81000,1708009,0,-0.4914,0,0
2025-07-11,81000,84500,80200,81800,1755449,0,0.9877,0,0
2025-07-14,80100,80400,75000,76800,1438981,0,-6.1125,0,0
2025-07-15,76800,77800,75600,77200,589633,0,0.5208,0,0
2025-07-16,75400,76500,74000,75500,748899,0,-2.2021,0,0
2025-07-17,77700,78000,73600,74700,772591,0,-1.0596,0,0
2025-07-18,74700,75300,74000,74900,309855,0,0.2677,0,0
2025-07-21,75100,75400,74300,74600,363227,0,-0.4005,0,0
2025-07-22,74200,74500,71500,71900,619424,0,-3.6193,0,0
2025-07-23,72200,73200,68800,69800,669035,0,-2.9207,0,0
2025-07-24,71400,71900,68300,68600,647890,0,-1.7192,0,0
2025-07-25,68600,72800,68600,71700,933628,0,4.519,0,0
2025-07-28,72700,72900,70200,70500,340401,0,-1.6736,0,0
2025-07-29,71900,73000,70700,71200,412284,0,0.9929,0,0
2025-07-30,71200,73000,71200,71800,286782,0,0.8427,0,0
2025-07-31,72200,72400,69400,70300,434802,0,-2.0891,0,0
2025-08-01,69800,69800,67500,68900,313491,0,-1.9915,0,0
2025-08-04,68500,70500,68000,68700,389353,0,-0.2903,0,0
2025-08-05,70100,70400,68000,70300,544720,0,2.329,0,0
2025-08-06,72500,72600,66000,67500,7564714,0,-3.9829,0,0
2025-08-07,69100,70200,67700,69600,1517177,0,3.1111,0,0
2025-08-08,70700,70800,68300,69000,584263,0,-0.8621,0,0
2025-08-11,68600,68700,67000,67400,490348,0,-2.3188,0,0
2025-08-12,67900,69700,67400,67700,510538,0,0.4451,0,0
2025-08-13,68800,69600,68400,68800,520296,0,1.6248,0,0
2025-08-14,68900,73600,68600,72200,1222826,0,4.9419,0,0
2025-08-18,72700,73000,71200,72400,485766,0,0.277,0,0
2025-08-19,72700,72800,70300,71000,483241,0,-1.9337,0,0
2025-08-20,68300,68900,66200,68500,486959,0,-3.5211,0,0
2025-08-21,68600,69000,67100,67100,384284,0,-2.0438,0,0
2025-08-22,66900,68150,66800,67200,226812,0,0.149,0,0
2025-08-25,68000,69200,67400,68900,267971,0,2.5298,0,0
2025-08-26,68800,68900,67400,68100,236360,0,-1.1611,0,0
2025-08-27,68800,68900,67600,68300,149564,0,0.2937,0,0
2025-08-28,68000,68100,66800,67200,222689,0,-1.6105,0,0
2025-08-29,67500,68800,67300,68000,203913,0,1.1905,0,0
2025-09-01,67500,67700,65000,65700,370408,0,-3.3824,0,0
2025-09-02,66000,68200,66000,66700,341316,0,1.5221,0,0
2025-09-03,66500,66600,65200,66100,223160,0,-0.8996,0,0
2025-09-04,66600,68000,66400,67300,259557,0,1.8154,0,0
2025-09-05,67800,68000,66900,67800,158203,0,0.7429,0,0
2025-09-08,67500,68400,67000,68200,185932,0,0.59,0,0
2025-09-09,68700,69500,67900,69500,326020,0,1.9062,0,0
2025-09-10,70700,72700,70200,71300,622328,0,2.5899,0,0
2025-09-11,72300,72300,70200,70500,330717,0,-1.122,0,0
2025-09-12,71500,73500,71200,72300,683176,0,2.5532,0,0
2025-09-15,72600,72600,70500,71000,407995,0,-1.7981,0,0
2025-09-16,71600,72200,70800,71300,353292,0,0.4225,0,0
2025-09-17,70700,70800,69500,69600,403386,0,-2.3843,0,0
2025-09-18,70000,71100,69700,70700,265978,0,1.5805,0,0
2025-09-19,71000,71800,70300,71300,2078817,0,0.8487,0,0
2025-09-22,71800,71900,68600,68600,1132239,0,-3.7868,0,0
2025-09-23,68900,69500,66600,66700,1080331,0,-2.7697,0,0
2025-09-24,67100,67200,65500,65900,641980,0,-1.1994,0,0
2025-09-25,65900,67500,65300,67200,791377,0,1.9727,0,0
2025-09-26,67000,67000,64200,64500,783468,0,-4.0179,0,0
2025-09-29,65700,67000,65500,66200,687544,0,2.6357,0,0
2025-09-30,66600,68300,65600,65700,765785,0,-0.7553,0,0
2025-10-01,66200,66900,63600,63800,789263,0,-2.8919,0,0
2025-10-02,64300,65200,63800,64600,483315,0,1.2539,0,0
2025-10-10,64600,67100,64100,66300,652915,0,2.6316,0,0
2025-10-13,64700,65000,63800,64400,493476,0,-2.8658,0,0
2025-10-14,64400,64900,62200,62900,720039,0,-2.3292,0,0
2025-10-15,63100,63900,62600,63900,396748,0,1.5898,0,0
2025-10-16,64000,64900,63200,63400,638143,0,-0.7825,0,0
2025-10-17,63300,63300,61600,62300,687328,0,-1.735,0,0
2025-10-20,62300,63750,61400,63500,540550,0,1.9262,0,0
2025-10-21,64000,64700,62800,63100,647852,0,-0.6299,0,0
2025-10-22,63100,63400,61900,63400,456242,0,0.4754,0,0
2025-10-23,63000,63000,61200,61200,721573,0,-3.47,0,0
2025-10-24,61900,62800,61600,62400,538913,0,1.9608,0,0
2025-10-27,63100,64500,62900,63400,857546,0,1.6026,0,0
2025-10-28,63600,64100,62400,62800,469310,0,-0.9464,0,0
2025-10-29,62900,66800,62500,66700,2012374,0,6.2102,0,0
2025-10-30,67200,67300,62700,63000,1612760,0,-5.5472,0,0
2025-10-31,63500,67700,63100,66300,1562707,0,5.2381,0,0
2025-11-03,67900,70000,66800,70000,2167112,0,5.5807,0,0
2025-11-04,70100,70700,66000,66200,1579798,0,-5.4286,0,0
2025-11-05,61700,61700,57000,58600,12506165,0,-11.4804,0,0
2025-11-06,60100,60200,56700,57200,2495784,0,-2.3891,0,0
2025-11-07,55800,56300,54100,55400,2066089,0,-3.1469,0,0
2025-11-10,55600,56800,55200,56800,1320793,0,2.5271,0,0
2025-11-11,57500,58900,57100,57900,1311948,0,1.9366,0,0
2025-11-12,58200,59200,57200,59100,741094,0,2.0725,0,0
2025-11-13,59300,59500,58300,59000,448726,0,-0.1692,0,0
2025-11-14,57600,58400,56500,56700,735480,0,-3.8983,0,0
2025-11-17,57600,58300,57000,57900,546094,0,2.1164,0,0
2025-11-18,57100,58000,55200,55500,703244,0,-4.1451,0,0
2025-11-19,55900,56800,54700,56400,503026,0,1.6216,0,0
2025-11-20,57600,58700,57400,58200,571870,0,3.1915,0,0
2025-11-21,56400,58000,56300,57100,569830,0,-1.89,0,0
2025-11-24,58000,58100,55900,56200,451677,0,-1.5762,0,0
2025-11-25,57000,57300,56300,56700,356941,0,0.8897,0,0
2025-11-26,57300,58300,57100,58000,524896,0,2.2928,0,0
2025-11-27,58700,58700,57400,57600,447036,0,-0.6897,0,0
2025-11-28,57800,58000,57000,58000,370320,0,0.6944,0,0
2025-12-01,58100,58300,56800,57200,493228,0,-1.3793,0,0
2025-12-02,56900,58000,56800,58000,457810,0,1.3986,0,0
2025-12-03,58200,59600,57700,58800,692772,0,1.3793,0,0
2025-12-04,59000,65400,58500,62900,4024030,0,6.9728,0,0
2025-12-05,64700,68400,63400,67200,5376051,0,6.8362,0,0
2025-12-08,67200,67300,63300,64200,2040725,0,-4.4643,0,0
2025-12-09,64500,66200,63900,65300,1389442,0,1.7134,0,0
2025-12-10,65900,66500,64200,64500,987681,0,-1.2251,0,0
2025-12-11,64900,66200,63600,65400,2877228,0,1.3953,0,0
2025-12-12,66900,68500,66500,68500,2704648,0,4.7401,0,0
2025-12-15,67000,67200,65400,65400,1349790,0,-4.5255,0,0
2025-12-16,65200,66300,64600,65400,936678,0,0.0,0,0
2025-12-17,66000,66300,63500,64600,811829,0,-1.2232,0,0
2025-12-18,63000,64100,62800,63500,540801,0,-1.7028,0,0
2025-12-19,63800,64600,63000,64500,714464,0,1.5748,0,0
2025-12-22,65000,65000,63800,64100,475874,0,-0.6202,0,0
2025-12-23,64000,64700,63000,63500,593758,0,-0.936,0,0
2025-12-24,63500,63700,62600,62800,410298,0,-1.1024,0,0
2025-12-26,62800,63500,61900,62100,552108,0,-1.1146,0,0
2025-12-29,61500,62700,61300,62100,532353,0,0.0,0,0
2025-12-30,62100,62200,60900,61400,493400,0,-1.1272,0,0
2026-01-02,61500,63400,60600,62600,432812,0,1.9544,0,0
2026-01-05,63400,63400,62100,62500,343016,0,-0.1597,0,0
2026-01-06,63300,64100,62600,62900,481383,0,0.64,0,0
2026-01-07,62900,63000,61300,62000,478020,0,-1.4308,0,0
2026-01-08,61400,61900,60400,60700,463969,0,-2.0968,0,0
2026-01-09,60800,60900,59400,60100,393296,0,-0.9885,0,0
2026-01-12,60600,60900,59700,60400,411462,0,0.4992,0,0
2026-01-13,60600,63000,60600,62900,752556,0,4.1391,0,0
2026-01-14,63000,63200,61500,61800,424456,0,-1.7488,0,0
2026-01-15,61900,68700,61600,68100,2702247,0,10.1942,0,0
2026-01-16,74500,76200,67500,68000,5072559,0,-0.1468,0,0
2026-01-19,70700,72000,69300,71700,2266905,0,5.4412,0,0
2026-01-20,71300,73400,69500,69800,1507995,0,-2.6499,0,0
2026-01-21,67300,71000,67300,70500,1531117,0,1.0029,0,0
2026-01-22,70400,70400,68000,68000,1055658,0,-3.5461,0,0
2026-01-23,68600,76900,68600,73700,5590192,0,8.3824,0,0
2026-01-26,76000,76100,71000,71700,2078576,0,-2.7137,0,0
2026-01-27,72300,74400,71400,72000,1577627,0,0.4184,0,0
2026-01-28,69900,70300,68500,69200,11986014,0,-3.8889,0,0
2026-01-29,70200,71800,69000,70300,2260251,0,1.5896,0,0
2026-01-30,70800,71600,68700,69700,1569407,0,-0.8535,0,0
2026-02-02,69000,69800,66400,67200,1709946,0,-3.5868,0,0
2026-02-03,68300,70000,67300,69600,1158322,0,3.5714,0,0
2026-02-04,69300,72700,69200,71700,1858683,0,3.0172,0,0
2026-02-05,70800,73800,69700,70300,1453044,0,-1.9526,0,0
2026-02-06,68200,68600,66200,67500,1087339,0,-3.9829,0,0
2026-02-09,69700,70700,68900,69400,1053668,0,2.8148,0,0
2026-02-10,69700,69800,68800,69000,699585,0,-0.5764,0,0
2026-02-11,69100,73000,67900,72100,2624801,0,4.4928,0,0
2026-02-12,73400,73400,71300,72700,1012800,0,0.8322,0,0
2026-02-13,71200,72000,70600,71100,700236,0,-2.2008,0,0
2026-02-19,72100,72100,70500,71700,713433,0,0.8439,0,0
2026-02-20,71300,74000,70900,71600,1237193,0,-0.1395,0,0
2026-02-23,72200,73100,71000,71500,820209,0,-0.1397,0,0
2026-02-24,71200,71400,69800,70100,777252,0,-1.958,0,0
2026-02-25,70600,72900,69600,71500,994773,0,1.9971,0,0
2026-02-26,73100,75400,73000,74300,2182064,0,3.9161,0,0
2026-02-27,75900,78300,74000,74500,1959001,0,0.2692,0,0
2026-03-03,72200,72900,67500,67600,1514307,0,-9.2617,0,0
2026-03-04,65000,66500,57600,57900,1390992,0,-14.3491,0,0
2026-03-05,62200,64000,62100,62700,836857,0,8.2902,0,0
2026-03-06,61600,65400,61600,64900,637041,0,3.5088,0,0
2026-03-09,60300,61600,59700,61600,497886,0,-5.0847,0,0
2026-03-10,64400,64500,62700,63500,471372,0,3.0844,0,0
2026-03-11,65300,67700,64700,65800,737094,0,3.622,0,0
2026-03-12,66800,69800,66400,68200,1041021,0,3.6474,0,0
2026-03-13,66200,69100,65600,67900,518498,0,-0.4399,0,0
2026-03-16,67600,67900,65300,65600,435292,0,-3.3873,0,0
2026-03-17,67000,67600,66500,66600,378437,0,1.5244,0,0
2026-03-18,67600,67700,66400,66800,441249,0,0.3003,0,0
2026-03-19,65200,65600,64500,64900,356155,0,-2.8443,0,0
2026-03-20,65400,67600,65400,67600,534433,0,4.1602,0,0
2026-03-23,65200,65300,62300,62500,443654,0,-7.5444,0,0
2026-03-24,65100,65200,61600,63500,291945,0,1.6,0,0
2026-03-25,63900,64600,62400,62500,742165,0,-1.5748,0,0
2026-03-26,62600,62900,61000,61200,370532,0,-2.08,0,0
2026-03-27,60000,61300,59100,61100,401019,0,-0.1634,0,0
2026-03-30,58300,59600,57700,59000,361129,0,-3.437,0,0
2026-03-31,58000,58500,55400,55800,784540,0,-5.4237,0,0
2026-04-01,58100,60000,57400,59500,530776,0,6.6308,0,0
2026-04-02,60600,61000,55800,56500,634823,0,-5.042,0,0
2026-04-03,57900,58600,57400,57600,252203,0,1.9469,0,0
2026-04-06,57900,59300,57200,57600,353839,0,0.0,0,0
2026-04-07,58100,58700,56500,57100,281581,0,-0.8681,0,0
2026-04-08,60000,61400,59100,61400,515698,0,7.5306,0,0
2026-04-09,60600,63100,60400,63000,748764,0,2.6059,0,0
2026-04-10,63100,63600,62700,63300,315819,0,0.4762,0,0
2026-04-13,61500,62100,60400,60900,412489,0,-3.7915,0,0
2026-04-14,62400,62900,61900,62000,279402,0,1.8062,0,0
2026-04-15,64300,66100,63800,65700,804682,0,5.9677,0,0
2026-04-16,67100,67200,65300,67100,771022,0,2.1309,0,0
2026-04-17,67000,67500,65800,66300,450648,0,-1.1923,0,0
2026-04-20,65600,67500,64900,65200,707654,0,-1.6591,0,0
2026-04-21,65700,67200,65400,67000,478179,0,2.7607,0,0
2026-04-22,66200,68400,65700,68200,529987,0,1.791,0,0
2026-04-23,69600,69600,66300,67800,559553,0,-0.5865,0,0
2026-04-24,67600,68000,66200,66700,430458,0,-1.6224,0,0
2026-04-27,67300,67700,66700,66900,318088,0,0.2999,0,0
2026-04-28,69000,69700,67300,67500,592274,0,0.8969,0,0
2026-04-29,67100,67200,66200,66700,318292,0,-1.1852,0,0
2026-04-30,67100,67500,64600,65000,567472,0,-2.5487,0,0
2026-05-04,66700,66900,65500,65900,377323,0,1.3846,0,0
2026-05-06,66600,68000,65900,67000,697862,0,1.6692,0,0
2026-05-07,67200,67900,65100,67700,587206,0,1.0448,0,0
2026-05-08,69100,72700,67400,71000,2094195,0,4.8744,0,0
2026-05-11,72300,72300,68500,70500,984845,0,-0.7042,0,0
2026-05-12,71900,76900,70000,73000,3564835,0,3.5461,0,0
2026-05-13,74100,74400,70800,73500,1203192,0,0.6849,0,0
2026-05-14,75100,88400,74500,86100,9609127,0,17.1429,0,0
2026-05-15,93700,99400,83500,86600,7333668,0,0.5807,0,0
2026-05-18,88500,88700,79300,81300,2479789,0,-6.1201,0,0
2026-05-19,79600,82000,73500,74800,2144009,0,-7.9951,0,0
2026-05-20,73000,74800,69000,71200,1545219,0,-4.8128,0,0
2026-05-21,73600,82500,72800,80200,3781552,0,12.6404,0,0
2026-05-22,78600,86400,76300,83200,3283598,0,3.7406,0,0
