date,open,high,low,close,volume,trading_value,change_rate,individual_net,foreign_net,institution_net,pension_net,trust_net,privateequity_net,insurance_net,bank_net,financial_net,other_corp_net,other_foreign_net,other_finance_net
2023-10-05,59100,67600,46450,51400,23416071,1203586049400,0.0,4939169,-1658035,-2121651,236103,-76962,-176981,-5401,-25179,-91078,-1177654,18171,-1982153
2023-10-06,49550,53400,49100,51800,6183396,320299912800,0.7782,91553,-204405,70142,68159,-1263,6717,1267,-3610,-598,40082,2628,-530
2023-10-10,51200,51300,46300,46650,4693925,218971601250,-9.9421,355894,-354972,30173,29726,-3267,552,-383,0,3629,-25095,-6000,-84
2023-10-11,47600,49100,45400,46900,3303330,154926177000,0.5359,-19134,15739,-3079,0,470,331,1613,0,-5493,7537,-1063,0
2023-10-12,47250,50200,46700,47800,4428666,211690234800,1.919,-28789,6362,31012,6018,3578,16666,2058,0,2992,-10564,1979,-300
2023-10-13,47550,47600,45700,45750,1714981,78460380750,-4.2887,118362,-126276,6198,0,4477,-450,192,0,1979,463,1253,0
2023-10-16,44650,44700,41300,41650,2296251,95638854150,-8.9617,77408,-26536,-49358,-19403,-1471,-400,-1099,0,-26985,388,-1902,0
2023-10-17,42450,44050,42000,42400,2108796,89412950400,1.8007,-68960,-1967,74398,0,52605,2437,3790,0,15566,-2850,-621,0
2023-10-18,42450,43500,41100,41100,1281198,52657237800,-3.066,-16916,18388,53,0,-1405,35,1430,0,33,-1869,344,-40
2023-10-19,40750,40750,38150,38250,1320711,50517195750,-6.9343,54834,-12397,-40207,-20237,-9,-4299,-7991,0,-7671,-2698,468,0
2023-10-20,37050,37400,35150,35500,1404496,49859608000,-7.1895,73758,-27755,-20838,-2156,-5458,-3880,1050,0,-10394,-24705,-460,0
2023-10-23,34900,37250,34800,36000,1123104,40431744000,1.4085,-96674,30235,62734,-436,50599,1300,0,0,-2672,2099,1606,13943
2023-10-24,36650,37050,34650,36150,787565,28470474750,0.4167,44435,-35455,-11305,-593,-350,-712,681,0,-10331,2047,278,0
2023-10-25,36550,36600,35000,35100,504879,17721252900,-2.9046,24758,-23824,-3492,0,0,-975,0,0,-2517,2791,-233,0
2023-10-26,33800,34350,33200,33250,644789,21439234250,-5.2707,17995,-14469,-6966,0,-8130,-3831,0,0,4995,2338,1102,0
2023-10-27,33500,33650,32150,32300,608641,19659104300,-2.8571,-11745,6440,2566,0,-260,24,-8,0,3070,247,2492,-260
2023-10-30,32300,41950,32150,41150,8438127,347228926050,27.3994,-78729,80011,5909,-38,11088,-1687,-10059,0,6605,-6072,-1119,0
2023-10-31,40450,41000,36850,37250,3557781,132527342250,-9.4775,100949,-108843,4561,0,5,189,7073,0,-2706,4083,-750,0
2023-11-01,37250,42250,37250,40200,5184793,208428678600,7.9195,-87211,93802,-11391,3533,2737,4367,-6983,0,-15043,2002,2798,-2
2023-11-02,41000,43400,41000,41650,2616980,108997217000,3.607,-217480,70679,122954,53517,38564,3123,2880,0,23927,24650,-803,943
2023-11-03,43100,46250,41550,44800,4902547,219634105600,7.563,-188160,45393,166881,130599,-2625,17884,7767,0,13256,-25378,1264,0
2023-11-06,43900,48250,43350,46950,5550072,260575880400,4.7991,575284,-244463,-384986,90379,55314,-55527,8569,-10590,-12748,52469,1696,-460383
2023-11-07,46950,47000,43800,46000,1823105,83862830000,-2.0234,95157,-253837,153099,118033,14814,24132,2348,-977,-3898,6270,-689,-1353
2023-11-08,45950,48350,44650,47100,2999389,141271221900,2.3913,-135576,-8163,144765,172000,-1070,-30195,2228,0,2302,-982,-44,-500
2023-11-09,46600,48500,45800,47100,1803648,84951820800,0.0,-96467,-50258,173672,164857,9561,-6878,834,0,5298,-27230,283,0
2023-11-10,46250,47850,45950,46850,940634,44068702900,-0.5308,-73302,-24215,100484,139334,-17980,-20327,0,0,-543,-2797,-170,0
2023-11-13,47600,48100,42850,43550,1527166,66508079300,-7.0438,209,40475,-39742,82855,-37333,-29852,-9353,0,-45116,-623,-319,-943
2023-11-14,43000,45250,42550,43400,1072622,46551794800,-0.3444,23687,-49133,25270,70151,-6837,-14748,-2359,0,-20937,-51,227,0
2023-11-15,45100,48000,44150,46900,2827539,132611579100,8.0645,-373770,290591,97492,180786,-26608,-67247,1091,0,9470,-15164,851,0
2023-11-16,48500,51300,48250,51100,4587796,234436375600,8.9552,-279754,72584,213604,172036,7911,20350,-8,0,12587,-5989,-445,728
2023-11-17,50500,52400,48300,51400,2847700,146371780000,0.5871,175540,-299794,118672,37615,20288,73636,1662,0,-14529,5801,-219,0
2023-11-20,50800,61100,50200,58500,9112133,533059780500,13.8132,-357171,344723,-20,40372,-4491,-11978,-636,0,-22557,11373,1095,-730
2023-11-21,58200,60700,57300,59600,3954875,235710550000,1.8803,-280856,194495,81228,79044,3365,2239,2153,0,-5573,1016,4117,0
2023-11-22,59600,69100,59300,63600,11265423,716480902800,6.7114,41445,-121631,82663,202163,-59662,-48210,4478,0,-16106,-1650,-827,0
2023-11-23,64000,69600,63100,64300,6850460,440484578000,1.1006,-62978,84268,-23948,11373,-5009,-28458,-494,0,-1360,4790,-2132,0
2023-11-24,66500,75300,64700,74400,10028277,746103808800,15.7076,-491156,482277,46918,60590,10412,-28209,2532,0,1593,-32577,-5462,0
2023-11-27,76700,89100,75100,80100,13405683,1073795208300,7.6613,934936,-1098156,139388,101044,24628,19512,-47,0,-5749,17765,6067,0
2023-11-28,80100,82900,74700,81800,7395597,604959834600,2.1223,4911,-176576,153008,149803,925,-10491,-839,180,13430,16332,2325,0
2023-11-29,84600,94700,80900,82900,12924160,1071412864000,1.3447,-47930,-222718,179438,217784,-6132,-5429,-6955,0,-19436,86614,4596,-394
2023-11-30,84000,92900,84000,92900,6996550,649979495000,12.0627,-692044,604736,118869,122729,-5167,-1791,-894,0,3992,-25459,-6102,0
2023-12-01,95100,97900,88000,88800,5690146,505284964800,-4.4133,739728,-701086,-33388,2403,-6211,-21041,-6192,0,-2232,-773,-4481,-115
2023-12-04,84700,86300,78900,79900,3964221,316741257900,-10.0225,-170996,207107,-27512,-23239,-3028,-2827,-3371,0,5101,-9448,849,-148
2023-12-05,80900,86000,79000,81700,4298999,351228218300,2.2528,254139,203642,-476483,-37967,-5745,-20773,18554,0,11446,15602,3100,-441998
2023-12-06,80100,89700,76900,89100,5607749,499650435900,9.0575,-408040,476521,-166,-5533,-383,4282,0,0,1608,-65464,-2851,-140
2023-12-07,87200,90900,82100,82200,3144097,258444773400,-7.7441,380084,-377638,13893,4950,-853,1444,-103,0,8455,-20665,4326,0
2023-12-08,84200,88900,83200,85300,3354779,286162648700,3.7713,-249908,288446,-41630,-31110,-9040,-5225,174,0,3571,7649,-4557,0
2023-12-11,87500,91700,87100,89300,3639528,325009850400,4.6893,-224666,193693,37452,19985,2105,4910,4356,0,6096,-6156,-323,0
2023-12-12,90000,91200,86600,90100,2307460,207902146000,0.8959,-31416,-33778,52325,21891,2660,23641,793,0,3340,11866,1003,0
2023-12-13,88900,90100,85500,86100,1771931,152563259100,-4.4395,343093,-329919,-5836,13297,-9533,-7718,-944,0,-934,-8217,879,-4
2023-12-14,88500,89000,84600,86100,1720285,148116538500,0.0,40013,-52403,14112,13290,607,1980,-35,0,-1730,-2481,759,0
2023-12-15,87500,94900,87400,94500,5141163,485839903500,9.7561,-607468,580710,41128,24556,1954,3610,4927,0,6081,-9919,-4451,0
2023-12-18,93700,109400,92000,107800,8284618,893081820400,14.0741,48022,-97778,44812,5988,9512,29053,2207,0,-1948,3044,1900,0
2023-12-19,108700,118400,103500,107800,6280674,677056657200,0.0,246762,-277489,17182,32800,8803,-26794,7689,0,-5316,8939,4606,0
2023-12-20,109400,122500,107600,121800,9221571,1123187347800,12.987,-514825,467579,30474,39483,3745,-5157,2118,1391,-11106,15985,787,0
2023-12-21,117700,124500,117000,119100,3570643,425263581300,-2.2167,321727,-340202,13273,25999,-3112,-14588,447,0,4527,7765,-2563,0
2023-12-22,120500,122600,110000,112300,2447432,274846613600,-5.7095,171198,-198030,19612,26854,81,-11721,-766,0,5164,2296,4924,0
2023-12-26,111300,117200,108000,112200,2481625,278438325000,-0.089,-63290,73903,357,22512,-2436,-16496,-623,0,-2600,-11961,991,0
2023-12-27,112000,114900,102900,108600,2784354,302380844400,-3.2086,201084,-345638,73910,27185,20093,8085,4900,0,14307,71233,-589,-660
2023-12-28,109000,118500,108500,116100,3134713,363940179300,6.9061,-320092,273645,52767,31217,11069,10099,-33,0,260,-4953,-1367,155
2024-01-02,116100,116800,111100,112800,1613732,182028969600,-2.8424,259759,-256319,-7833,21733,-26571,-1975,2802,311,-4115,2856,1537,-18
2024-01-03,111000,115600,108200,108500,1534903,166536975500,-3.8121,125905,-74548,-49841,-9137,-6398,-21634,-4917,0,-7622,-2851,1335,-133
2024-01-04,107400,111600,106300,109200,1115910,121857372000,0.6452,19191,-15161,1477,-3250,4282,-473,2346,0,-1428,-5461,-46,0
2024-01-05,100500,105400,98600,101800,4850465,493777337000,-6.7766,1484070,-81945,-1420203,101924,-269308,-692728,-14228,-2000,-85889,13847,4231,-457974
2024-01-08,102300,106400,100900,103300,2439092,251958203600,1.4735,189414,34065,-223894,-4677,-17559,-178827,-8623,0,-6700,-1505,1920,-7508
2024-01-09,103500,104300,100500,102300,1255666,128454631800,-0.9681,-50340,113615,-53105,4200,-8955,-16248,-279,-2000,-29623,-9816,-354,-200
2024-01-10,101900,103300,98800,102500,1728941,177216452500,0.1955,-6294,92815,-73668,-45900,508,-14624,-5855,0,-6702,-12646,-207,-1095
2024-01-11,102400,103300,97300,97300,1709724,166356145200,-5.0732,273649,-170612,-70707,-9811,-11191,-30407,-11085,-1000,-7213,-38586,6256,0
2024-01-12,96300,101200,96200,97400,1590124,154878077600,0.1028,70820,22173,-90459,-51289,-2309,-23912,-7735,0,-4447,292,-2826,-767
2024-01-15,97300,101200,97100,97400,1206700,117532580000,0.0,16840,-9952,-9047,904,-774,-12200,761,0,2312,1456,703,-50
2024-01-16,98800,99700,92900,93300,1482088,138278810400,-4.2094,-7672,58823,-55193,-29792,-5888,-11635,-2979,0,-4899,982,3060,0
2024-01-17,92700,94000,87800,89400,1783069,159406368600,-4.1801,-78643,272905,-202064,-44953,-6316,-57928,-20023,-3000,-13233,12380,-4578,-56611
2024-01-18,89400,90400,85600,87100,1248032,108703587200,-2.5727,-5469,58701,-39415,-26140,-3940,-4510,-7140,0,2315,-13919,102,0
2024-01-19,88200,89500,83600,85100,1428580,121572158000,-2.2962,35879,57425,-95210,-55463,-12281,-7842,-8318,0,-10934,3331,-1425,-372
2024-01-22,86300,86600,82500,83000,1079760,89620080000,-2.4677,-19560,68579,-43603,-32584,-4635,-6291,-111,0,116,-4556,-860,-98
2024-01-23,82100,83900,80200,80700,1156317,93314781900,-2.7711,63207,11118,-75526,-58930,-11181,-4560,832,0,-1535,2762,-1561,-152
2024-01-24,80300,84600,80000,81000,1463486,118542366000,0.3717,293210,-245600,-54464,-53995,278,-689,-3327,0,3769,3613,3241,-500
2024-01-25,81700,82400,77000,77900,1360325,105969317500,-3.8272,-78062,163486,-85542,-36482,-20964,-17945,-6854,0,-2847,-1368,1486,-450
2024-01-26,76700,78200,75900,76300,1027653,78409923900,-2.0539,73919,4943,-87856,-74116,-8168,-4039,-298,0,-447,8876,118,-788
2024-01-29,76300,77200,71800,73600,1219919,89786038400,-3.5387,-101072,222242,-120243,-69981,-37510,-5870,-3287,-4000,405,1023,-1950,0
2024-01-30,73700,76800,71000,72000,1268517,91333224000,-2.1739,110766,-41231,-71453,-58095,-9907,-5066,-708,0,2323,1366,552,0
2024-01-31,70500,72000,68700,68700,1073342,73738595400,-4.5833,-4661,111294,-105777,-62507,-10205,-18995,-9943,-4080,-47,472,-1328,0
2024-02-01,69700,72900,67300,72400,1439444,104215745600,5.3857,173923,-158015,-17671,-14834,277,-7449,523,0,3812,1255,508,0
2024-02-02,72700,73700,70500,70800,1199105,84896634000,-2.2099,232833,-240969,5110,3052,-39,-126,-24,0,2247,1394,1632,0
2024-02-05,71200,74700,70600,71400,1394619,99575796600,0.8475,175847,-189828,-1167,-9776,39,-183,-1,0,8754,10633,4515,0
2024-02-06,71500,74000,69500,73100,1302094,95183071400,2.381,20864,-63791,37050,20668,996,8880,-401,0,6907,5348,529,0
2024-02-07,73300,74900,72200,73500,1053738,77449743000,0.5472,70220,-102377,30296,26410,-1069,-3476,0,0,8431,299,1562,0
2024-02-08,76000,77100,73500,74600,1754935,130918151000,1.4966,141417,-200644,69369,74444,-2387,635,-453,0,-2870,-10296,154,0
2024-02-13,74300,78100,72900,77000,1584952,122041304000,3.2172,-9421,-23115,25817,-4655,3605,13022,3878,0,9967,8824,-2105,0
2024-02-14,75800,85000,74800,82800,5594159,463196365200,7.5325,21261,-196155,163394,33240,36901,47715,23376,0,20877,8973,2527,1285
2024-02-15,84700,86300,82200,83700,2119903,177435881100,1.087,33155,-75305,51826,12318,13475,-508,9199,379,16836,-13257,3581,127
2024-02-16,84300,84700,80700,81100,1083118,87840869800,-3.1063,76060,-40757,-34271,11,-2231,-34094,169,0,1821,597,-1629,53
2024-02-19,80200,81000,78600,79800,769905,61438419000,-1.603,-69898,72835,-10164,97,-74,910,1063,0,-12249,7518,-291,89
2024-02-20,79200,81700,79000,79300,681567,54048263100,-0.6266,61700,-58785,5245,-829,3050,1012,-60,536,1536,-8542,382,0
2024-02-21,79300,79900,77500,77500,726328,56290420000,-2.2699,-34408,60310,-29363,-275,-2355,-3091,-39,0,-23603,5674,-2213,0
2024-02-22,78300,81300,77800,81300,896428,72879596400,4.9032,-90734,83254,2583,0,1792,398,500,0,-107,3539,1358,0
2024-02-23,81700,81900,78600,79100,675188,53407370800,-2.706,106177,-102600,3760,0,-1450,-883,1008,0,5085,-7546,209,0
2024-02-26,79200,80100,77700,77800,446576,34743612800,-1.6435,8162,-6758,-1377,-304,-11,400,-60,0,-1402,315,-342,0
2024-02-27,77800,78400,74800,76300,710785,54232895500,-1.928,-82523,96852,-3451,50,-242,-1991,-10,0,-1258,-6944,-3934,0
2024-02-28,76700,77000,74500,74800,529010,39569948000,-1.9659,65852,-36601,-15025,-775,-8750,-3172,-579,0,-1749,-13416,-810,0
2024-02-29,74200,75200,73300,73900,413940,30590166000,-1.2032,-42233,55554,-10110,308,-560,-264,-4850,0,-4744,-3003,-208,0
2024-03-04,74400,78900,74200,78600,983058,77268358800,6.3599,-178760,161699,3965,-1150,1693,3624,-500,0,298,14149,-1053,0
2024-03-05,79200,81400,77300,78200,982034,76795058800,-0.5089,73896,-78155,-1739,-90,655,-242,-222,0,-1840,9503,-3505,0
2024-03-06,77300,80700,77100,80700,884488,71378181600,3.1969,-179203,173494,701,213,1251,516,-90,0,-1189,5766,-758,0
2024-03-07,81200,81200,78500,79400,588315,46712211000,-1.6109,-8366,26975,-15066,703,-11724,-4591,-228,0,774,-2612,-931,0
2024-03-08,80000,82600,78800,82400,1350194,111255985600,3.7783,-205893,192472,18395,0,11932,180,-253,0,6536,-7578,2604,0
2024-03-11,82700,89800,81100,89000,3076098,273772722000,8.0097,-390147,361542,27957,15360,9199,2036,6671,0,-5769,3102,-2454,460
2024-03-12,89000,89100,85200,85900,1285963,110464221700,-3.4831,95866,-107354,1891,8075,-1130,191,0,0,-4785,10099,-502,-460
2024-03-13,87000,91000,85900,89900,2316217,208227908300,4.6566,-113333,33172,78631,51199,2864,4127,13504,0,6495,386,1144,442
2024-03-14,90000,94500,89700,92000,2734007,251528644000,2.3359,-97865,-60295,170602,41930,28345,92057,12984,-227,-4477,-10569,-1873,-10
2024-03-15,91000,94000,87100,87100,1656276,144261639600,-5.3261,17664,-32353,13969,24121,-11105,4272,0,0,-2619,-1791,2511,-700
2024-03-18,87800,93400,87800,93000,1489518,138525174000,6.7738,-263748,108301,156696,39395,21903,74825,15327,0,5246,-744,-505,0
2024-03-19,93800,95900,91600,93800,1880240,176366512000,0.8602,-27958,-54248,66830,27464,11164,23881,8099,-224,-3554,15109,267,0
2024-03-20,95000,95600,92200,93500,842807,78802454500,-0.3198,-60322,16068,28725,32813,19620,-23030,4963,-204,-5437,16262,-733,0
2024-03-21,94300,94300,90400,91800,996214,91452445200,-1.8182,-24949,25536,841,4110,22515,-24442,-3898,-382,2383,687,-2115,555
2024-03-22,93000,95800,91300,92100,1549792,142735843200,0.3268,-9340,17400,-10401,23890,-2324,-61506,23788,0,5751,2198,143,0
2024-03-25,92400,92800,88900,90900,750748,68242993200,-1.3029,-69218,20409,49879,20332,7522,23639,250,0,-1997,-1433,363,133
2024-03-26,92000,93100,89800,90900,873997,79446327300,0.0,31475,-65289,37146,14359,-1631,28126,-1805,0,-1903,-3789,457,0
2024-03-27,90800,91300,89100,89400,524637,46902547800,-1.6502,3282,3629,5500,23675,-3222,-348,-6012,-1053,-7540,-13093,682,0
2024-03-28,89700,90000,87500,88300,584177,51582829100,-1.2304,-22703,54615,-32682,6596,-18621,-23949,-1902,0,5194,476,294,0
2024-03-29,88300,91700,88100,88200,870668,76792917600,-0.1133,24277,-73017,44090,23770,9796,21442,-6909,0,-4009,3548,1102,0
2024-04-01,88500,88800,84900,84900,938867,79709808300,-3.7415,220474,-37377,-177409,-12898,-51904,-89327,-3871,0,-19409,-7391,1703,0
2024-04-02,84000,84200,81500,81700,700547,57234689900,-3.7691,-33929,102900,-47550,-8461,-21862,-7013,-4089,0,-6125,-20966,-455,0
2024-04-03,81000,83300,79600,81200,550737,44719844400,-0.612,32229,-55385,6344,-136,2369,3735,0,0,376,16415,397,0
2024-04-04,82200,82500,80100,80400,372746,29968778400,-0.9852,41648,-19411,-24035,-14549,-3037,-6508,-587,0,646,2304,-506,0
2024-04-05,75600,78000,74300,74700,2126072,158817578400,-7.0896,1033670,43465,-1081260,-48887,-227358,-568156,-52268,0,-160745,391,3734,-23846
2024-04-08,75000,77000,74500,74600,813921,60718506600,-0.1339,182434,18098,-209016,-4446,-57858,-113797,-40298,0,7823,8128,356,-440
2024-04-09,74700,75600,72500,73000,588823,42984079000,-2.1448,96973,52227,-149941,-28071,-37506,-63940,-6326,0,-13346,809,-68,-752
2024-04-11,72300,73700,70900,73300,332616,24380752800,0.411,10697,10418,-22730,3215,-1663,-19953,-3416,0,-763,646,969,-150
2024-04-12,73800,77500,72800,76900,757684,58265899600,4.9113,8304,16380,-24688,-5270,1777,-23323,4029,0,-1801,136,-132,-100
2024-04-15,75400,75500,73900,74600,376466,28084363600,-2.9909,28954,18282,-47248,-7967,-12347,-22897,-3193,0,-844,-230,242,0
2024-04-16,73400,73800,70200,70500,651824,45953592000,-5.496,172220,-76687,-96505,-29161,-33029,-18325,-1500,-1391,-13099,186,786,0
2024-04-17,70600,73500,70500,71100,464937,33057020700,0.8511,21165,24449,-45568,-13648,-20210,-11612,227,0,-325,-1356,1310,0
2024-04-18,71100,72800,71100,72700,232010,16867127000,2.2504,-294,8174,-10341,-4100,-5453,181,-1192,0,223,2540,-79,0
2024-04-19,72400,72400,69100,70600,484246,34187767600,-2.8886,89362,-35504,-55010,-8135,-14331,-17075,-14923,0,-546,1043,109,0
2024-04-22,71000,72500,71000,72200,268274,19369382800,2.2663,-32207,34895,5079,1004,-3329,7219,-659,0,844,-8184,417,0
2024-04-23,72900,73700,71800,71800,231306,16607770800,-0.554,39762,-35277,-3825,1400,-968,-3231,-507,0,-519,-38,-622,0
2024-04-24,72900,73500,72200,73400,265690,19501646000,2.2284,-46296,51998,-1577,-7117,9,6003,-68,0,-404,-3931,-194,0
2024-04-25,72600,74300,71600,72200,254875,18401975000,-1.6349,18567,-17803,-428,700,291,-1640,-171,0,392,202,-538,0
2024-04-26,73200,73200,71500,71800,208337,14958596600,-0.554,10049,-7710,-2755,616,-748,-2993,13,0,357,252,164,0
2024-04-29,72900,73200,71800,73000,226367,16524791000,1.6713,-26203,59457,-32322,-28459,208,-2193,12,0,-1110,-1598,666,-780
2024-04-30,73100,74400,71800,72000,385576,27761472000,-1.3699,141897,-52219,-90591,-25171,-1462,-61136,-11,0,-2811,454,459,0
2024-05-02,72400,73000,71800,72800,171081,12454696800,1.1111,-15923,25913,-4765,-73,559,264,-2713,0,-2802,-5416,191,0
2024-05-03,73200,76000,72800,75300,609888,45924566400,3.4341,-77741,63778,4355,-1798,476,654,-501,0,5524,10823,-1215,0
2024-05-07,75800,76800,74700,76200,447128,34071153600,1.1952,-41589,31246,6663,516,-380,-691,-69,0,7287,3073,607,0
2024-05-08,76400,76600,74500,75000,278452,20883900000,-1.5748,66931,-50949,-17235,-2325,-6662,-7787,-22,0,-402,-311,1564,-37
2024-05-09,73000,73400,71600,72300,443304,32050879200,-3.6,13266,5425,-15077,2400,-1529,-10144,-3190,0,-2621,-4832,1218,7
2024-05-10,73600,75600,73200,73800,529203,39055181400,2.0747,-41460,46368,-4397,2206,-1262,-41,-2023,0,-3277,-2529,2018,0
2024-05-13,73700,75400,72600,73000,277581,20263413000,-1.084,14503,-9841,-2590,2631,1308,-4163,-42,0,-2324,-906,-1166,0
2024-05-14,72700,73100,72000,72800,205446,14956468800,-0.274,-554,19667,-17375,-1566,-2903,-1951,-2,0,-10953,-829,-909,0
2024-05-16,73600,73700,72800,73200,238232,17438582400,0.5495,-38641,56036,-17662,-2051,1752,-3211,-66,0,-14086,164,103,0
2024-05-17,73100,73100,72100,72400,170703,12358897200,-1.0929,9608,-8582,-2078,-1891,-672,-40,-232,0,757,1007,45,0
2024-05-20,72400,73800,71500,73700,271680,20022816000,1.7956,-69033,75073,5219,4080,503,-952,22,0,1566,-10217,-1042,0
2024-05-21,74200,74200,72300,72300,209262,15129642600,-1.8996,37221,-38376,3286,2235,-2921,20,-22,1400,2574,-736,-1395,0
2024-05-22,72500,74500,72300,73700,276751,20396548700,1.9364,-41223,39654,1231,2074,1922,-1816,0,1400,-2349,-151,489,0
2024-05-23,73400,73500,72200,72700,160158,11643486600,-1.3569,10474,-12116,1180,1721,49,-845,-2313,840,1728,153,309,0
2024-05-24,72100,72300,71500,71600,190904,13668726400,-1.5131,10575,-7287,-252,2063,-1842,-1961,-10,1960,-462,-365,-2671,0
2024-05-27,72100,74400,71900,73800,317014,23395633200,3.0726,-117273,115459,2358,2850,-47,198,347,1400,-2390,-293,-251,0
2024-05-28,73800,75400,73000,74300,378199,28100185700,0.6775,-15378,-9863,13317,16614,1553,-1255,712,0,-4307,11823,101,0
2024-05-29,74400,75000,73100,73800,262283,19356485400,-0.6729,-28496,32443,-3747,2018,32,-6813,0,0,1016,-467,267,0
2024-05-30,73800,74300,72400,73700,205903,15175051100,-0.1355,-32668,29671,2780,2015,31,0,-21,0,755,144,73,0
2024-05-31,73900,74300,72200,72400,235270,17033548000,-1.7639,45927,-41444,4143,2228,-3250,97,-802,0,5870,-8785,159,0
2024-06-03,72500,74300,72200,74100,276275,20471977500,2.3481,-91071,90380,1368,3431,-234,2612,-6,0,-4435,-219,-458,0
2024-06-04,74100,75200,73500,74200,277652,20601778400,0.135,-36427,43490,-6531,3551,-8901,-697,50,0,-534,-471,-61,0
2024-06-05,74900,75800,73600,75400,354320,26715728000,1.6173,-90442,68229,24704,3746,25003,-3255,12,0,-802,-245,-2246,0
2024-06-07,75900,76800,74300,76000,352992,26827392000,0.7958,-57932,54359,4261,7794,0,-3136,-310,0,-87,-46,-642,0
2024-06-10,76000,77300,74200,76200,415583,31667424600,0.2632,-16169,22320,-8188,-2345,-1730,-4643,-445,55,920,1547,490,0
2024-06-11,76200,81300,76000,80600,1990618,160443810800,5.7743,-233236,9936,227702,88780,20287,90540,995,0,25926,-4797,395,1174
2024-06-12,81900,90800,81600,86200,5572168,480320881600,6.9479,-509294,289655,238482,20355,66066,137667,-3757,0,20191,-18613,-230,-2040
2024-06-13,86900,88400,84300,85000,2209722,187826370000,-1.3921,-97497,-228221,325179,24079,310659,-28909,43941,633,-24981,327,212,-243
2024-06-14,85900,88400,84200,87600,1542727,135142885200,3.0588,-227321,195818,33341,12693,4837,20097,6476,0,-10762,-1821,-17,0
2024-06-17,87200,87600,82200,84200,910262,76644060400,-3.8813,71532,-27174,-43560,6959,-9481,-38055,197,0,-3180,-113,-685,0
2024-06-18,84700,86200,84500,84900,501587,42584736300,0.8314,-129555,121406,9219,937,4556,-1106,6668,0,-1836,-1337,267,0
2024-06-19,84900,84900,78200,78700,1331954,104824779800,-7.3027,332627,-73333,-261904,-9795,-70059,-164036,-1043,0,-16615,5005,-2395,-356
2024-06-20,78700,80400,77100,77300,614823,47525817900,-1.7789,85124,-43378,-45920,-10315,-462,-25414,-3305,-444,-5980,2770,1404,0
2024-06-21,77300,81700,76700,81700,1832642,149726851400,5.6921,-200807,294173,-90522,-42215,-11213,-29481,-11369,700,3246,-2412,-432,-190
2024-06-24,81100,81300,79300,79300,307260,24365718000,-2.9376,-10143,8432,698,488,-1688,124,49,0,1725,944,69,0
2024-06-25,79500,80800,78800,79900,249045,19898695500,0.7566,-9559,8907,-7739,-6860,-2948,-326,-673,0,3068,8066,325,0
2024-06-26,79900,81900,79400,81800,393832,32215457600,2.378,-75337,44767,29536,1898,7523,1300,7972,0,10843,1201,-167,0
2024-06-27,82000,82000,80000,80000,248422,19873760000,-2.2005,28022,-10330,-18018,-1396,-5177,-825,562,0,-11182,39,287,0
2024-06-28,80500,80600,79400,79900,189321,15126747900,-0.125,16714,-4097,-17220,-6041,-2359,-6448,-3788,0,1416,4969,-366,0
2024-07-01,80000,80000,77700,77700,322525,25060192500,-2.7534,64460,-18894,-46076,-10225,-2469,-3512,-28003,0,-1867,621,-111,0
2024-07-02,77200,78400,75600,75900,268303,20364197700,-2.3166,35706,-20542,-13292,-816,-2080,-2739,-1914,0,-5743,-1953,81,0
2024-07-03,76200,77300,76000,76000,149034,11326584000,0.1318,15220,-5355,-9266,82,-4467,-116,20,0,-4785,-333,-266,0
2024-07-04,76000,76600,73700,74400,382530,28460232000,-2.1053,48466,6671,-56244,-8679,-29584,-4830,-29835,0,16684,-1220,2327,0
2024-07-05,75300,78700,75100,76200,442370,33708594000,2.4194,-23582,9698,10828,-1959,-540,-623,-1524,-380,16036,2120,936,-182
2024-07-08,76700,79600,76200,79100,354295,28024734500,3.8058,-86167,49158,40739,7777,10088,15486,7424,0,-36,-4847,1117,0
2024-07-09,79600,79600,77900,79100,211347,16717547700,0.0,-13935,6382,7280,390,-191,1482,-17,0,5616,269,4,0
2024-07-10,79600,80000,77500,80000,330258,26420640000,1.1378,26451,-22214,-7917,87,-2312,-4786,-486,0,-420,2520,1160,0
2024-07-11,81500,86200,81100,85300,2032864,173403299200,6.625,-477573,285263,178691,37674,51731,22953,15571,-1657,53144,9704,3915,-725
2024-07-12,95000,109300,92200,105700,15292160,1616381312000,23.9156,-1007683,882100,109771,15678,87063,-18405,46384,296,-16604,22795,-6983,-4641
2024-07-15,103600,106600,91300,93500,6775638,633522153000,-11.5421,958170,-976380,35674,-5811,29333,7746,30176,-3426,-21100,-10506,-6958,-1244
2024-07-16,93000,96400,87400,89700,4346120,389846964000,-4.0642,183492,-50660,-135385,-45440,-19401,-36632,-9947,-1084,-22881,6680,-4127,0
2024-07-17,88800,90800,85000,85100,2025165,172341541500,-5.1282,110285,-26981,-83762,-33473,-17543,-10534,-23682,0,1470,578,-120,0
2024-07-18,86300,87200,80800,81700,1967603,160753165100,-3.9953,194753,-115715,-64522,-5023,-48754,-13185,-4019,0,7696,-15771,1255,-1237
2024-07-19,81400,86000,80900,83900,1721816,144460362400,2.6928,-98955,112905,-15993,-4377,-1526,-6750,-3229,0,-111,534,1509,0
2024-07-22,83400,83500,79700,79700,910491,72566132700,-5.006,85633,-54879,-26549,-4192,-11657,-4594,-2774,0,-3332,-4437,232,0
2024-07-23,80500,85600,80500,83500,1677478,140069413000,4.7679,-14108,45969,-32989,-34416,-2509,30764,-4781,0,-22047,-1511,2639,0
2024-07-24,82500,84400,79500,79800,986067,78688146600,-4.4311,76390,-41501,-35748,5029,-4649,-40814,-3681,1800,6567,746,113,0
2024-07-25,75100,76400,72700,73400,1575540,115644636000,-8.0201,232195,-75837,-148422,-85710,-56022,2334,-3762,-800,-4462,-7771,-165,0
2024-07-26,73200,75100,72000,72700,628556,45696021200,-0.9537,67789,-60283,-7157,-4510,-3964,-2461,-847,0,4625,-1035,686,0
2024-07-29,72200,73300,71000,72100,439070,31656947000,-0.8253,26903,-5328,-21470,-6192,-3477,7,-4392,-1000,-6416,552,-657,0
2024-07-30,72100,73400,71500,71800,349168,25070262400,-0.4161,78681,-67951,-8873,-3654,-12,-216,348,0,-5339,-2159,302,0
2024-07-31,71500,73200,71100,71200,353824,25192268800,-0.8357,53570,-34892,-21558,-18750,14,-485,-3104,0,767,3524,-644,0
2024-08-01,71500,73400,71300,72900,296058,21582628200,2.3876,-22820,27202,-10198,-1000,143,-968,-501,0,-7872,5784,32,0
2024-08-02,72100,72100,68800,69000,514519,35501811000,-5.3498,93099,-70816,-11489,-5517,-4125,-706,-287,0,-854,-12333,1539,0
2024-08-05,66600,66700,53900,59300,919934,54552086200,-14.058,-8989,32141,-15750,-8122,205,-2609,-6582,-296,1766,-7910,508,-112
2024-08-06,59700,64400,59500,63400,590770,37454818000,6.914,-14104,29864,-16929,233,-85,-3171,132,0,-13918,369,800,-120
2024-08-07,63400,66000,63100,64800,358852,23253609600,2.2082,43424,-12479,-37925,154,-8603,-45,-12629,0,-16752,6249,731,-50
2024-08-08,63000,65400,62400,65000,219247,14251055000,0.3086,-5346,8143,2300,3797,225,-121,-2207,0,676,-4875,-222,-70
2024-08-09,66000,66700,64800,64900,252919,16414443100,-0.1538,37044,-31400,-6817,-3809,61,-1934,-20,0,-1015,1224,-51,-100
2024-08-12,64900,68200,64600,67300,320945,21599598500,3.698,-27842,65969,-40151,-306,-1104,-38276,-39,0,-426,1356,668,0
2024-08-13,67500,69400,65500,66000,308209,20341794000,-1.9316,86975,-81902,-3689,0,4,-39,-3590,0,-64,-2028,644,0
2024-08-14,66900,67000,65500,66500,204164,13576906000,0.7576,311,5694,-5157,0,-2176,579,-1863,0,-1697,-710,-138,0
2024-08-16,67400,68800,67000,68500,292342,20025427000,3.0075,-63340,38497,21371,7037,7,-68,40,0,14355,1617,1855,0
2024-08-19,68700,69000,67300,67300,170866,11499281800,-1.7518,8399,-14170,4732,816,9,-156,-18,0,4081,842,197,0
2024-08-20,67900,68900,67500,68000,161346,10971528000,1.0401,1036,1400,-2511,-284,-2095,-1153,-82,0,1103,-3,78,0
2024-08-21,67200,69400,66400,68700,226955,15591808500,1.0294,-2674,926,562,-77,-132,-5,84,0,692,904,282,0
2024-08-22,68700,68900,67100,67200,145541,9780355200,-2.1834,16388,-16206,-116,0,-1957,-378,56,0,2163,114,-180,0
2024-08-23,66100,67000,65500,66600,127443,8487703800,-0.8929,-14123,9921,6212,29,-2,-110,-8,0,6303,-1960,-50,0
2024-08-26,67000,67000,65300,65500,171957,11263183500,-1.6517,-2513,247,4098,6534,-378,-299,-2808,0,1049,-1985,153,0
2024-08-27,64800,69200,64400,68300,309553,21142469900,4.2748,-70687,6013,66376,39054,3014,784,3881,0,19643,26,-1728,0
2024-08-28,68000,68200,65800,66100,232581,15373604100,-3.2211,46293,-37340,-6781,-600,-4978,299,-4032,0,2530,-2278,106,0
2024-08-29,65000,73600,64900,69300,1359963,94245435900,4.8411,-33990,-30749,65228,29318,5992,29437,-492,0,973,-530,41,0
2024-08-30,70500,72600,68700,70400,641332,45149772800,1.5873,-120913,37368,81315,32650,13531,7815,8156,0,19163,3204,-974,0
2024-09-02,69700,70100,68200,68400,242105,16559982000,-2.8409,29113,2339,-31316,-58,-7564,-17064,-3,0,-6627,-211,75,0
2024-09-03,68400,69000,66800,66900,173598,11613706200,-2.193,15289,127,-15543,33,-2032,-13035,-13,0,-496,117,10,0
2024-09-04,63800,66600,63600,65400,246155,16098537000,-2.2422,-44893,9258,35229,44023,-553,-727,-675,0,-6839,426,-20,0
2024-09-05,65400,66300,63500,64000,171386,10968704000,-2.1407,-4815,-6946,10564,12841,-575,-398,37,0,-1341,-141,1338,0
2024-09-06,63900,65400,61900,63600,200565,12755934000,-0.625,-26171,-7493,33846,30713,-59,-38,66,0,3164,727,-909,0
2024-09-09,61200,64200,61200,63900,128814,8231214600,0.4717,-16557,18068,1200,736,51,-312,213,0,512,-2642,-69,0
2024-09-10,64400,64600,63300,63900,104821,6698061900,0.0,-8416,5011,3359,7215,189,-64,-8,0,-3973,206,-160,0
2024-09-11,63900,66200,63800,64200,126966,8151217200,0.4695,-37971,37409,280,486,-22,-1298,-115,0,1229,226,56,0
2024-09-12,64500,67100,64500,66800,221166,14773888800,4.0498,-47854,52423,-4496,-3646,5080,1394,408,0,-7732,-88,15,0
2024-09-13,66500,67200,65800,66300,133428,8846276400,-0.7485,-5746,-7710,12312,6044,715,75,50,0,5428,1901,-757,0
2024-09-19,66800,67000,65500,65900,173068,11405181200,-0.6033,-36965,20754,16227,617,317,1042,4,0,14247,58,-74,0
2024-09-20,66500,66600,64700,65900,337332,22230178800,0.0,1696,17690,-21571,-23655,155,606,-2040,0,3363,1864,321,0
2024-09-23,65900,66600,65000,65300,129630,8464839000,-0.9105,11743,-16157,4778,-184,6,-566,0,0,5522,5,-369,0
2024-09-24,65400,65600,64500,65100,136467,8884001700,-0.3063,896,-6470,6078,-1,8,-1768,-57,0,7896,-620,116,0
2024-09-25,65500,66400,64400,64600,177912,11493115200,-0.768,-13447,7671,6526,-5208,-53,-45,0,0,11832,169,-919,0
2024-09-26,65200,67800,64900,67800,293353,19889333400,4.9536,-110961,81773,30242,16781,337,-74,936,0,12262,-436,-618,0
2024-09-27,67700,67700,66200,66300,164025,10874857500,-2.2124,39730,-34883,-5147,-31,-87,-5,0,0,-5024,159,141,0
2024-09-30,66500,68200,63700,63700,351148,22368127600,-3.9216,62220,-54305,-9731,-1287,-87,-1524,8,0,-6841,2,1814,0
2024-10-02,62100,63300,61800,62000,163860,10159320000,-2.6688,26792,-11568,-15158,6,-4251,-13,-740,0,-10160,178,-244,0
2024-10-04,62000,62800,61900,62000,111631,6921122000,0.0,16102,-4795,-10071,-1149,-161,-100,-3690,0,-4971,-1375,139,0
2024-10-07,58400,63000,58400,63000,439396,27681948000,1.6129,-35211,63957,-31777,140,17077,35610,731,0,-85335,2487,544,0
2024-10-08,62400,62600,61500,62000,143760,8913120000,-1.5873,-6029,-10851,18687,2619,188,24392,17,0,-8529,142,-1949,0
2024-10-10,62600,62700,61200,61500,113470,6978405000,-0.8065,9935,-16686,7189,897,-500,8580,-47,0,-1741,141,-579,0
2024-10-11,61500,62700,61300,61400,143449,8807768600,-0.1626,-6546,7061,-653,1044,-6142,8604,-285,0,-3874,99,39,0
2024-10-14,61800,62800,61400,61800,100144,6188899200,0.6515,-6010,2541,4394,782,-1365,-246,-3,0,5226,-830,-95,0
2024-10-15,62200,62800,61500,61500,118804,7306446000,-0.4854,7133,-6057,-7,1024,-170,23,0,0,-884,-1117,48,0
2024-10-16,61000,61300,60100,60300,163795,9876838500,-1.9512,1136,-11993,8627,-3777,819,16599,11,0,-5025,3108,-878,0
2024-10-17,60400,62800,60300,62000,204187,12659594000,2.8192,-61454,32986,28095,1155,1802,24067,-20,0,1091,-804,1177,0
2024-10-18,62500,66500,61700,65200,737987,48116752400,5.1613,-147391,43379,100258,26,19596,54340,-59,0,26355,6080,-2326,0
2024-10-21,66000,78200,66000,71600,3894355,278835818000,9.816,-262754,143538,127030,2810,21160,137126,4821,0,-38887,-9125,1311,0
2024-10-22,70800,71900,66600,67900,917081,62269799900,-5.1676,-22199,-39645,62460,33337,21250,1284,1274,0,5315,-586,-30,0
2024-10-23,67500,68800,66000,66700,380963,25410232100,-1.7673,-2956,-5832,10144,8473,5323,-12609,-815,0,9772,-1365,9,0
2024-10-24,66000,66200,64000,65800,326242,21466723600,-1.3493,-11062,13299,10505,358,2449,3116,-749,0,5331,-12202,-540,0
2024-10-25,65800,67000,65000,66200,238437,15784529400,0.6079,-10589,-27406,39958,10455,495,8436,-41,0,20613,-2172,209,0
2024-10-28,66500,69500,66500,68300,409128,27943442400,3.1722,-44685,29141,15671,118,-2144,-312,-25,0,18034,21,-148,0
2024-10-29,68400,70200,67700,70200,320680,22511736000,2.7818,-37622,9609,28083,-113,365,25231,-11,0,2611,-653,583,0
2024-10-30,70600,71300,69300,69700,297757,20753662900,-0.7123,-22637,15690,7752,87,8854,3399,46,0,-4634,-211,-594,0
2024-10-31,68600,70300,67300,70200,257163,18052842600,0.7174,-37063,4740,32030,3019,594,20702,165,0,7550,277,16,0
2024-11-01,69000,71600,67600,68700,261235,17946844500,-2.1368,6188,-37875,33021,9,-6061,26547,170,0,12356,-1648,314,0
2024-11-04,68400,69200,67600,68900,136178,9382664200,0.2911,-2984,11592,-8646,1707,3006,2716,972,42,-17089,405,-367,0
2024-11-05,68700,71000,67900,70000,187319,13112330000,1.5965,-22087,24519,-1955,299,-366,4627,1240,0,-7755,-163,-314,0
2024-11-06,70000,70500,66200,67300,284239,19129284700,-3.8571,44026,-55605,12002,5229,484,2743,217,0,3329,409,-832,0
2024-11-07,66800,68600,64100,68100,274309,18680442900,1.1887,12777,-1450,-11111,2079,-5557,-4266,-1345,1336,-3358,-200,-16,0
2024-11-08,67700,68300,66400,67400,167602,11296374800,-1.0279,434,-25511,23983,29,6769,9622,231,0,7332,1464,-370,0
2024-11-11,68400,71000,66700,66700,401152,26756838400,-1.0386,-3364,-8090,9900,2740,2375,-3567,194,0,8598,1354,200,-440
2024-11-12,66700,69400,65000,65000,342465,22260225000,-2.5487,21347,-50883,29407,3527,7497,19563,-7,0,-1173,-403,532,0
2024-11-13,64000,65000,60900,60900,304828,18564025200,-6.3077,32355,-17274,-13706,-2183,2073,-4071,-883,-1336,-7306,-1836,461,0
2024-11-14,60900,62900,60600,60800,244873,14888278400,-0.1642,-8300,7350,376,15877,6719,6268,883,200,-29571,229,345,0
2024-11-15,60800,64500,60800,64200,227228,14588037600,5.5921,-36703,17733,15434,9767,3329,-1081,2168,0,1251,3917,-381,0
2024-11-18,64300,68300,63400,66500,267265,17773122500,3.5826,-65300,47722,14223,7500,846,496,4452,0,929,3388,-33,0
2024-11-19,67500,70700,66800,69200,550840,38118128000,4.0602,-49766,21525,28923,18349,-4739,2376,14007,0,-1070,213,-895,0
2024-11-20,69300,69400,67500,69100,181098,12513871800,-0.1445,-16584,7548,5862,7344,-173,-1777,70,0,398,3289,-115,0
2024-11-21,69000,69600,67900,68800,188618,12976918400,-0.4342,-12021,-14521,23929,7062,550,18496,300,0,-2479,2408,205,0
2024-11-22,73700,75500,69000,69400,1124603,78047448200,0.8721,17141,-12239,-11091,79,2172,-25512,12190,0,-20,5558,631,0
2024-11-25,69400,69700,68500,69500,274371,19068784500,0.1441,-29625,16872,13878,4611,-2188,3079,1356,0,7020,306,-1431,0
2024-11-26,69000,69200,67100,68300,237497,16221045100,-1.7266,11801,-6270,-6350,2008,-2720,-930,-3537,0,-1171,1116,-297,0
2024-11-27,67800,70600,67700,70500,356679,25145869500,3.2211,-65110,34403,31580,12052,5059,1076,7368,0,6025,-622,-251,0
2024-11-28,70900,71200,69600,69800,235220,16418356000,-0.9929,7815,-43668,34701,5475,-2351,24364,568,0,6645,990,162,0
2024-11-29,70000,70000,64300,64800,337196,21850300800,-7.1633,66872,-42625,-19047,-14958,-7081,6729,-1397,0,-2340,-4583,-617,0
2024-12-02,66800,67100,63400,64500,233398,15054171000,-0.463,39574,-25604,-13593,-49,-4491,-12200,53,0,3094,-730,353,0
2024-12-03,64500,65700,64000,65200,177885,11598102000,1.0853,-8889,4425,4775,7360,-8954,-2851,558,0,8662,-336,25,0
2024-12-04,63800,64900,62500,63300,247373,15658710900,-2.9141,7658,-22390,16159,10273,-2327,8900,-803,0,116,-1703,276,0
2024-12-05,63500,63700,61600,62200,200842,12492372400,-1.7378,36564,-6564,-30271,614,8795,-38511,-1802,0,1398,-80,351,-765
2024-12-06,61700,62600,58800,61200,246151,15064441200,-1.6077,-25781,13911,12081,5182,-1109,-664,1347,0,8498,-200,-11,-1173
2024-12-09,60200,66200,55800,57400,1367513,78495246200,-6.2092,106788,-14224,-87200,689,-27702,-43025,-1384,0,-15778,-4554,-810,0
2024-12-10,55000,56000,50200,52200,2421085,126380637000,-9.0592,663301,-19985,-632048,-44481,-80734,-294912,-8600,0,-203321,-9612,-1656,0
2024-12-11,52000,52700,50700,51200,793424,40623308800,-1.9157,117142,-54430,-62055,-32972,-14328,418,-31845,0,16672,-658,1,0
2024-12-12,51700,52600,51400,52300,524608,27436998400,2.1484,-10202,11859,7731,-732,4789,1745,805,0,1124,-9145,-243,0
2024-12-13,52200,52700,51600,52300,410799,21484787700,0.0,50950,20343,-19530,-2569,14009,-14206,-1258,0,-15506,-52026,263,0
2024-12-16,52900,54000,52300,53300,430195,22929393500,1.912,2790,24463,-4521,-3659,-296,-640,-770,0,844,-23559,827,0
2024-12-17,53700,53700,52200,52200,233404,12183688800,-2.0638,6443,3469,-9560,-458,-2215,-31,-6038,0,-818,-366,14,0
2024-12-18,52800,53800,52600,52800,220146,11623708800,1.1494,5695,-1860,-3839,-1686,-3404,-13,1591,0,-327,205,-201,0
2024-12-19,51500,52400,51300,51700,204072,10550522400,-2.0833,34369,-2315,-32450,-10300,-9334,-325,-2335,0,-10156,412,-16,0
2024-12-20,51700,51900,49850,50700,337096,17090767200,-1.9342,5013,21944,-28674,1170,-12113,-5808,-6585,-270,-5068,1655,62,0
2024-12-23,50900,51100,49950,50800,161940,8226552000,0.1972,-15235,12829,3678,749,-838,-846,-262,0,4875,-890,-382,0
2024-12-24,51000,52500,50500,51400,305986,15727680400,1.1811,21795,-11581,-11154,-9966,1850,96,36,0,-3170,605,335,0
2024-12-26,52300,54400,52100,52200,531957,27768155400,1.5564,-28430,14647,15302,528,699,1196,-2153,0,15032,-2483,964,0
2024-12-27,52500,52800,50100,50700,260758,13220430600,-2.8736,25384,-3394,-22583,-421,-1061,-1796,-3352,0,-15953,-157,750,0
2024-12-30,50400,52800,50000,52300,306663,16038474900,3.1558,6653,16616,-23500,-1397,-3507,171,-6188,0,-12579,280,-49,0
2025-01-02,56600,67800,56200,67000,4171511,279491237000,28.1071,-124251,39882,83211,40011,11261,29499,-4792,-190,7246,369,789,176
2025-01-03,64600,66100,61100,65500,2275594,149051407000,-2.2388,-145322,57346,97638,55847,11687,12110,8706,0,9011,-6605,-3057,277
2025-01-06,67300,68600,63800,65200,1296996,84564139200,-0.458,66945,-77860,15095,17018,-5580,-1240,-2566,0,7418,-2385,-1795,45
2025-01-07,66900,67600,65500,65700,890102,58479701400,0.7669,-47555,34088,12791,9058,6919,-540,181,0,-2827,293,383,0
2025-01-08,64900,65500,62600,63000,639841,40309983000,-4.1096,97120,-24989,-72358,-30621,-15378,-22713,-2434,0,-1164,-55,282,-48
2025-01-09,62500,64500,60600,64500,749634,48351393000,2.381,13370,-35133,19526,-2575,15855,-16853,6201,0,16898,2364,-127,0
2025-01-10,64800,66300,63700,63800,500156,31909952800,-1.0853,66969,-39171,-23297,2839,-4860,-3884,-6608,0,-10784,-4826,325,0
2025-01-13,63300,65600,63000,64100,415899,26659125900,0.4702,-31978,20996,1867,2243,2492,-449,-306,0,-2113,8897,218,0
2025-01-14,64900,65000,63600,64300,335743,21588274900,0.312,-9681,15083,-7323,-2748,-25,-305,-4,350,-4591,1876,45,0
2025-01-15,65000,66200,64100,64300,406695,26150488500,0.0,-6548,7983,-12989,-2867,-89,-1148,-9,0,-8876,12256,-702,0
2025-01-16,64900,66200,64500,65100,423803,27589575300,1.2442,-50143,30188,16161,827,6960,-847,4067,1000,4154,3797,-3,0
2025-01-17,65500,65500,64000,64900,328632,21328216800,-0.3072,-3842,5665,-4201,-1989,152,-436,217,0,-2145,2249,129,0
2025-01-20,65400,65800,64000,64500,296463,19121863500,-0.6163,11884,-8279,7110,4709,337,119,-3,0,1951,-11620,905,-3
2025-01-21,65000,66700,64300,66100,655013,43296359300,2.4806,-52884,55386,-3018,1594,-1621,288,165,0,-3444,493,23,0
2025-01-22,67100,67200,64900,66100,453588,29982166800,0.0,21047,-12205,-11580,-13105,10130,0,212,1000,-9817,2634,104,0
2025-01-23,66200,66600,64000,64000,315287,20178368000,-3.177,55786,-34186,-23971,-2579,-4902,-891,2074,0,-17673,1440,931,0
2025-01-24,64200,65800,63600,65300,252166,16466439800,2.0312,-46462,50531,-3763,396,-15,0,8,0,-4232,32,-338,80
2025-01-31,65400,68100,64300,67000,785222,52609874000,2.6034,-13424,9179,3278,2302,-1026,3072,-6,1000,-2064,165,802,0
2025-02-03,66000,67400,64000,64300,546476,35138406800,-4.0299,90128,-88795,-14113,-942,-3752,-1389,-1413,0,-6617,12665,115,0
2025-02-04,64800,73400,64700,71500,3131665,223914047500,11.1975,-250325,241704,34393,37721,2704,4909,-48,-3000,-7749,-25253,-519,-144
2025-02-05,70900,72700,69800,71200,1430133,101825469600,-0.4196,114291,-75632,-21470,-12973,467,-8860,4611,0,-4714,-18667,1478,-1
2025-02-06,72200,73000,68700,69100,1070267,73955449700,-2.9494,94415,-84241,-7950,-497,2216,-652,-160,2000,-10857,-1558,-666,0
2025-02-07,69700,72500,69100,69800,1026094,71621361200,1.013,23984,-34895,2731,-3644,5052,426,933,1000,-1036,8466,-286,0
2025-02-10,70000,73000,69200,69800,1141887,79703712600,0.0,35457,-28483,-9354,975,2673,-1000,-1314,-3000,-7688,-542,2922,0
2025-02-11,69600,70200,68000,69100,541421,37412191100,-1.0029,-9561,3870,4679,11386,-5428,-724,-598,0,45,2074,-1062,-2
2025-02-12,68900,69100,67200,67500,412025,27811687500,-2.3155,-22015,17850,3173,8973,-2015,-1690,-765,0,-1330,995,-3,0
2025-02-13,67500,71400,67500,70700,806930,57049951000,4.7407,-175872,90664,82665,26459,14929,17256,18043,0,5978,1626,917,0
2025-02-14,69700,70400,68600,69200,577548,39966321600,-2.1216,21951,-45157,21124,21626,427,1045,-1334,0,-638,1756,326,-2
2025-02-17,70000,70100,68200,69200,290810,20124052000,0.0,-1335,-4585,6261,5489,-212,1230,-1396,0,1150,-141,-200,0
2025-02-18,69800,77000,69100,76300,3720345,283862323500,10.2601,-367536,258344,111925,45627,42647,3037,16843,1004,2767,-928,-1805,0
2025-02-19,76000,76300,72800,74100,1262379,93542283900,-2.8834,143197,-139454,9205,10856,-861,-4,-14,0,-772,-13484,536,0
2025-02-20,73700,74900,70900,71300,715802,51036682600,-3.7787,87106,-62126,-28070,-10565,-3522,-213,-401,0,-13369,2639,451,0
2025-02-21,70700,73000,70700,72000,423690,30505680000,0.9818,22679,-38330,9947,-747,14,-227,5834,5000,74,5978,-274,-1
2025-02-24,70100,71000,69500,69900,390335,27284416500,-2.9167,69351,-33499,-42847,-16693,-11471,-237,-11643,0,-2803,6944,51,0
2025-02-25,69600,69900,68400,68600,275671,18911030600,-1.8598,32784,-20146,-14016,1206,-7811,-762,83,-1354,-5298,1376,2,-80
2025-02-26,68700,69000,67100,67700,349513,23662030100,-1.312,54979,-13332,-41563,-9364,-11462,-1811,-17774,0,-1151,-255,171,-1
2025-02-27,68100,68600,66400,66700,293417,19570913900,-1.4771,21935,5065,-22950,-6813,139,-168,-4580,-5000,-6528,-3984,-66,0
2025-02-28,65800,65900,63100,63100,468709,29575537900,-5.3973,93204,-34447,-51506,-2640,-20593,-17063,-5959,0,-5251,-7474,223,0
2025-03-04,62100,63800,61500,63000,211450,13321350000,-0.1585,16031,9846,-16569,-5982,-5650,-954,-1670,0,-2313,-9524,216,0
2025-03-05,63100,65000,63100,64100,238776,15305541600,1.746,-122,-15976,16740,-1405,-1744,18748,8006,0,-6865,-239,-403,0
2025-03-06,64700,65000,63100,63300,206961,13100631300,-1.248,35403,-1898,-29679,5748,-7950,-1614,336,0,-26198,-3875,49,-1
2025-03-07,62300,64100,61800,63500,164371,10437558500,0.316,-38175,-98,30674,16117,436,364,187,0,13570,7340,259,0
2025-03-10,63600,65000,62500,62700,203968,12788793600,-1.2598,19441,3928,-28456,-7598,-9414,-6450,-330,0,-4664,4710,377,0
2025-03-11,60500,63000,60100,62700,242847,15226506900,0.0,-21802,31447,-8348,-3496,-289,-183,216,0,-4596,-682,-615,0
2025-03-12,63100,63750,62400,62700,170443,10686776100,0.0,17805,-26484,6004,999,413,1039,2610,0,943,2802,-127,0
2025-03-13,63600,64000,62600,62600,254478,15930322800,-0.1595,-8417,-41788,35659,-11743,18004,16444,14230,0,-1276,14525,21,0
2025-03-14,62600,64200,62000,62000,271539,16835418000,-0.9585,49242,515,-35290,-473,-15164,-9207,-2934,0,-7512,-14423,-44,0
2025-03-17,62600,62700,61200,61500,237523,14607664500,-0.8065,62743,-51884,-9981,829,-837,-5050,-9913,0,4990,-312,-566,0
2025-03-18,62100,62100,61200,61400,142623,8757052200,-0.1626,14033,-11800,-2879,13,-568,-282,-1601,0,-441,1203,-557,0
2025-03-19,61100,61400,60200,60400,244446,14764538400,-1.6287,54137,5723,-24770,-26874,-248,-1,-177,0,2530,-34753,-337,0
2025-03-20,60800,61100,60100,60200,172021,10355664200,-0.3311,22017,-10158,-11962,-2008,-1402,-45,-3587,0,-4920,-85,188,0
2025-03-21,59900,60200,56300,56300,717652,40403807600,-6.4784,193369,-137603,-55212,-31236,-10939,-2544,-6621,400,-4271,-929,375,-1
2025-03-24,57100,57200,55000,55300,172471,9537646300,-1.7762,52288,-42885,-9630,-5527,-576,-420,-2252,130,-985,254,-27,0
2025-03-25,56000,56600,54000,54100,165142,8934182200,-2.17,57316,-46391,-8768,-6208,-3525,-205,-171,130,1212,-2553,396,-1
2025-03-26,54700,54800,53800,53900,119923,6463849700,-0.3697,39375,-29406,-10400,-2232,-7641,-259,-2036,0,1768,459,-28,0
2025-03-27,53500,54000,52400,52400,136156,7134574400,-2.7829,53921,-39364,-14662,-8088,-1397,-2773,-903,0,-1501,-49,154,0
2025-03-28,53800,54100,51900,52000,176185,9161620000,-0.7634,54701,-51530,922,1373,1654,-313,-360,0,-1432,-4231,138,0
2025-03-31,51100,51500,50000,50200,241975,12147145000,-3.4615,49579,-82690,31236,9517,-48,-4648,209,0,26206,522,1353,0
2025-04-01,50600,51000,48550,48550,481449,23374348950,-3.2869,286919,-189686,-100020,-77833,-3172,-6725,-2285,130,-10135,2062,725,0
2025-04-02,49300,49400,46300,46550,361106,16809484300,-4.1195,154863,-128491,-47965,-7143,-85,-27161,0,0,-13576,-4095,25688,0
2025-04-03,45050,47550,44650,47250,307077,14509388250,1.5038,30362,-19503,-22749,-13420,50,-9694,156,0,159,8099,3791,0
2025-04-04,46550,47600,45200,46400,232916,10807302400,-1.7989,79305,-48621,-32352,-27553,87,-2893,35,0,-2028,-141,1809,0
2025-04-07,44700,44700,41600,41600,338449,14079478400,-10.3448,128294,-139075,2346,1598,361,-638,11,-260,1274,9139,-704,0
2025-04-08,42500,42650,40100,40650,330851,13449093150,-2.2837,22835,-20113,-2466,-685,-109,644,-26,0,-2290,-593,337,0
2025-04-09,39550,41700,39550,40300,235411,9487063300,-0.861,-1495,9421,-7621,-2608,729,-956,5,-530,-4261,-1000,695,0
2025-04-10,43000,43900,42150,43550,335663,14618123650,8.0645,-46788,8524,39432,8318,4982,6514,10474,0,9145,-192,-976,-1
2025-04-11,42550,45400,42550,45300,234069,10603325700,4.0184,26674,-30010,2152,9135,1503,688,3258,0,-12432,1173,11,0
2025-04-14,46350,48300,45700,47650,303978,14484551700,5.1876,23935,-42032,21803,-3214,18293,-381,-148,0,7253,-4337,631,0
2025-04-15,49700,56900,49250,51800,1469648,76127766400,8.7093,322205,-222239,-103557,-3886,-14368,-10252,-1468,0,-73467,3963,-372,-116
2025-04-16,53500,53600,50300,50400,346803,17478871200,-2.7027,86244,-77729,-9333,-940,36,-1014,-7,0,-7408,-247,1065,0
2025-04-17,50100,51400,50000,50500,219011,11060055500,0.1984,53705,-58929,8536,2930,249,932,653,0,3772,-3393,81,0
2025-04-18,50700,50800,49150,49950,173286,8655635700,-1.0891,23335,-23091,-557,-1640,-60,557,-39,0,625,457,-144,0
2025-04-21,50100,50700,49450,49550,111721,5535775550,-0.8008,25198,-29473,2830,5729,-12,-2833,-4,0,-50,874,571,0
2025-04-22,48750,49700,48700,49200,137810,6780252000,-0.7064,7073,-5022,-1096,232,137,-205,-372,0,-888,-785,-170,0
2025-04-23,50500,50900,49750,50900,162641,8278426900,3.4553,-37766,30644,7149,-2417,85,1840,1216,0,6425,127,-154,0
2025-04-24,51400,51400,50200,51100,101580,5190738000,0.3929,-5230,6809,-1637,711,-79,-609,722,0,-2382,165,-107,0
2025-04-25,51600,52100,51300,51600,138267,7134577200,0.9785,-39373,35945,3725,-1060,17,427,-260,0,4601,-425,128,0
2025-04-28,51800,51900,50700,51000,103061,5256111000,-1.1628,-3959,9202,-6034,-2794,-90,-2861,-61,0,-228,-97,888,0
2025-04-29,51400,51500,50600,51200,117183,5999769600,0.3922,-15752,23272,-4801,20,497,-11024,-89,0,5795,-2371,-348,0
2025-04-30,51000,51000,49900,50400,103246,5203598400,-1.5625,18649,-12412,-4196,52,-93,-2516,-252,0,-1387,-2050,9,0
2025-05-02,49850,50500,49550,50100,78366,3926136600,-0.5952,-4133,5129,-430,-2690,-2296,-3401,-4,0,7961,-535,-31,0
2025-05-07,50500,50600,49650,50600,115578,5848246800,0.998,-11445,22793,-11221,-1440,2275,-16906,-172,0,5022,-259,132,0
2025-05-08,50700,51500,50200,51100,200315,10236096500,0.9881,-53152,-8410,61163,2663,20822,4228,2623,0,30827,493,-94,0
2025-05-09,50500,50900,47350,48250,349880,16881710000,-5.5773,166243,-113093,-43031,-2790,180,-2899,-3301,0,-34221,-10411,292,0
2025-05-12,48850,50100,48800,49350,152131,7507664850,2.2798,-17042,16520,582,-241,3,1521,-1808,0,1107,-207,147,0
2025-05-13,49950,51900,49800,50500,298988,15098894000,2.3303,24087,-3792,-24097,-25740,-434,654,4448,0,-3025,4222,-420,0
2025-05-14,51200,52300,50200,52300,391948,20498880400,3.5644,2146,13893,-16735,-27684,910,129,262,0,9648,705,-9,0
2025-05-15,52900,52900,50600,50700,216871,10995359700,-3.0593,87653,-50700,-34666,-29467,193,-1148,-158,0,-4086,-2306,19,0
2025-05-16,51200,51800,50300,50500,173475,8760487500,-0.3945,45886,-14842,-30837,-30336,26,-295,-47,0,-185,171,-378,0
2025-05-19,49950,50000,48550,48650,184389,8970524850,-3.6634,89452,-43035,-47197,-31694,-2027,-385,-2991,0,-10100,1155,-375,0
2025-05-20,49400,49550,48050,48050,188147,9040463350,-1.2333,63528,-22726,-43860,-40945,-4950,99,-109,0,2045,2463,595,0
2025-05-21,48400,48700,47950,48050,124525,5983426250,0.0,48611,-19464,-30830,-22567,-973,-3192,-967,0,-3131,1640,43,0
2025-05-22,47200,47300,46000,46600,172734,8049404400,-3.0177,19784,29933,-51380,-34436,-6081,-1204,-1491,0,-8168,1293,370,0
2025-05-23,46700,47200,46000,46400,135513,6287803200,-0.4292,3943,14376,-19433,-15196,-1,-125,-846,0,-3265,1186,-72,0
2025-05-26,45750,47950,45750,47750,147047,7021494250,2.9095,-25428,39346,-13075,-22859,248,945,-108,0,8699,-440,-403,0
2025-05-27,48050,48050,46700,47050,110937,5219585850,-1.466,33396,-11532,-22328,-20628,-127,-1090,-154,0,-329,245,219,0
2025-05-28,47650,48325,47300,47700,153850,7338645000,1.3815,-18688,28036,-11865,-27791,-150,-526,-73,0,16675,2385,132,0
2025-05-29,48150,48400,47450,47800,142274,6800697200,0.2096,40177,-17610,-22687,-29247,-569,122,-133,0,7140,-233,353,0
2025-05-30,47550,47600,46800,47200,107658,5081457600,-1.2552,17395,2959,-20575,-23974,2133,60,93,0,1113,32,189,0
2025-06-02,47250,47450,46700,47450,116399,5523132550,0.5297,3226,2711,-5202,-450,35,-30,-40,-6,-4711,-685,-50,0
2025-06-04,48000,49750,47900,49750,223827,11135393250,4.8472,-83371,72277,13784,7840,848,3769,-153,0,1480,-2652,-38,0
2025-06-05,50100,50500,49100,50300,173276,8715782800,1.1055,-28559,10699,16882,3880,801,8758,-355,0,3798,602,376,0
2025-06-09,51200,51200,49700,50900,192030,9774327000,1.1928,-12547,18917,-2185,240,1126,3220,-843,0,-5928,-4407,222,0
2025-06-10,51200,53000,50300,51700,322760,16686692000,1.5717,-2404,-1805,7629,921,427,752,-286,0,5815,-3434,14,0
2025-06-11,52000,52000,50900,51500,150936,7773204000,-0.3868,-1177,-3818,4534,1100,-428,-411,-232,0,4512,83,378,-7
2025-06-12,51800,52200,51200,52200,256845,13407309000,1.3592,-38971,15524,27552,-8673,-825,2112,34,0,34906,-4184,79,-2
2025-06-13,52300,52300,50000,50700,241632,12250742400,-2.8736,24556,-48014,22063,-4446,25131,-43,-265,0,1686,771,624,0
2025-06-16,50000,51000,49900,50900,142216,7238794400,0.3945,-25612,38779,-13365,1173,-19083,253,-295,0,4587,7,191,0
2025-06-17,51600,52200,50000,50900,224928,11448835200,0.0,-31400,44020,-12992,-15046,-195,-646,-250,30,3115,753,-381,0
2025-06-18,50600,51500,50100,51400,129905,6677117000,0.9823,-5568,-276,6737,5,-127,-650,-190,0,7699,-825,-68,0
2025-06-19,51500,52800,50800,51200,167890,8595968000,-0.3891,22571,-16022,-7163,-7229,-174,138,-169,0,271,-50,664,0
2025-06-20,51400,53200,51100,52500,513312,26948880000,2.5391,-29462,11554,8320,260,103,-189,-354,0,8500,8899,689,0
2025-06-23,52400,61200,50700,59100,2154290,127318539000,12.5714,-27060,58,32892,30027,-188,2142,3831,0,-2920,-4931,-959,0
2025-06-24,63200,68900,62000,66000,2402407,158558862000,11.6751,-376398,206836,178525,43890,43598,4930,8789,9000,68470,-6143,-2820,-152
2025-06-25,67200,70300,63700,67600,1617684,109355438400,2.4242,-103280,117724,-15621,-7195,3846,-6384,990,5000,-11878,1317,-140,0
2025-06-26,65700,66400,61000,62100,732122,45464776200,-8.1361,169142,-141021,-28660,4158,-18759,-3706,446,-14000,3201,227,312,0
2025-06-27,65300,70900,64100,66100,2182297,144249831700,6.4412,137481,-164081,17255,-5740,654,30758,-2648,0,-5769,7561,1784,0
2025-06-30,70400,70700,65900,66100,744642,49220836200,0.0,126144,-151411,23528,-827,4684,-237,954,0,18954,1732,7,0
2025-07-01,67300,67300,63000,63200,557600,35240320000,-4.3873,31301,-12464,-22390,-2019,-4297,-731,-5216,0,-10127,3354,199,0
2025-07-02,62500,63100,60000,61700,377357,23282926900,-2.3734,-15892,43318,-21382,15940,-4505,-1676,164,0,-31305,-6661,617,0
2025-07-03,62700,62900,61300,61600,230890,14222824000,-0.1621,20474,-25472,5375,18349,-20450,179,-175,0,7472,-275,-102,0
2025-07-04,62700,64100,62000,62400,326286,20360246400,1.2987,-8639,-2895,11192,13297,-196,-208,-705,0,-996,630,-288,0
2025-07-07,61300,61900,60400,61600,164667,10143487200,-1.2821,-10862,20120,-7302,-4107,30,-2099,114,0,-1240,-1360,-596,0
2025-07-08,61900,62200,60100,61100,220658,13482203800,-0.8117,21578,-7656,-12623,2886,-4215,-7511,5779,0,-9562,-1186,-113,0
2025-07-09,61900,63700,61500,62600,349512,21879451200,2.455,-28695,10722,14251,13140,2689,-52,18,0,-1544,2620,1102,0
2025-07-10,63500,63500,62000,63100,288328,18193496800,0.7987,-26553,-87,28013,-4273,-2395,-4277,-166,0,39124,-224,-1149,0
2025-07-11,63100,63200,61700,61700,183088,11296529600,-2.2187,11861,14328,-25260,-9232,-4367,337,-1316,0,-10682,-519,-410,0
2025-07-14,61900,62500,60500,60900,149266,9090299400,-1.2966,21413,-9421,-11849,-6236,-794,1026,-123,0,-5722,-4,-139,0
2025-07-15,61500,64100,60600,62700,295251,18512237700,2.9557,-13992,10319,1953,282,-1779,85,-1237,0,4602,1410,310,0
2025-07-16,62100,62300,61300,61700,120196,7416093200,-1.5949,24293,-18560,-6404,-1431,137,1211,-48,0,-6273,382,289,0
2025-07-17,62600,62600,60800,61300,141139,8651820700,-0.6483,12092,-15414,3499,-110,-38,822,138,0,2687,51,-228,0
2025-07-18,61600,61700,60900,61500,101120,6218880000,0.3263,-2465,-3779,5771,670,1610,120,204,0,3167,462,11,0
2025-07-21,61500,62600,61100,62400,152828,9536467200,1.4634,-59613,43490,15460,1970,3,0,138,0,13349,592,71,0
2025-07-22,62400,62500,60800,61300,134256,8229892800,-1.7628,9447,-15466,5142,-490,509,509,-1855,0,6469,886,-9,0
2025-07-23,61800,61800,60200,61100,107030,6539533000,-0.3263,-16262,-2284,17870,954,434,-127,-629,0,17238,495,181,0
2025-07-24,61400,62500,61000,61200,135500,8292600000,0.1637,-16291,11876,4180,300,-129,1191,12,2000,806,28,207,0
2025-07-25,61200,62100,61000,61300,87542,5366324600,0.1634,427,3924,-4062,220,-3717,-564,178,81,-260,-303,14,0
2025-07-28,61000,61700,58700,60300,218297,13163309100,-1.6313,7155,10272,-19448,-18799,-650,-1738,73,500,1066,2113,-92,100
2025-07-29,61100,61300,59800,60600,152413,9236227800,0.4975,-2853,1541,-818,5840,-13453,340,-901,500,6856,2085,45,0
2025-07-30,60000,61900,60000,61200,171466,10493719200,0.9901,-36250,35844,-1889,50,31,376,-193,500,-2653,2581,-286,0
2025-07-31,60900,60900,59800,60400,150704,9102521600,-1.3072,29405,-27048,-2785,-1483,-1033,-61,104,69,-381,330,98,0
2025-08-01,59500,59900,57400,58500,184262,10779327000,-3.1457,-28870,39617,-10690,-6125,260,1815,15,0,-6655,-204,147,0
2025-08-04,57900,60300,57900,59900,110332,6608886800,2.3932,-55078,50631,4863,-92,689,733,-234,1000,2767,-488,72,0
2025-08-05,60300,61500,60300,61200,147778,9044013600,2.1703,-62444,63912,-1062,700,-1142,-35,28,0,-613,815,-1221,0
2025-08-06,60700,61600,60300,61400,112074,6881343600,0.3268,-33231,39403,-6041,978,-14408,-153,80,500,6962,58,-189,0
2025-08-07,61500,61900,60600,61900,193352,11968488800,0.8143,-92633,86486,7060,524,1197,-207,-145,500,5491,-229,-684,-300
2025-08-08,62100,62100,60800,61200,137333,8404779600,-1.1309,4277,14894,-17545,-24848,9364,-1713,457,0,-805,-1765,139,0
2025-08-11,61900,62100,61100,61500,102446,6300429000,0.4902,-1637,2166,300,-841,44,-250,81,0,1266,-650,-179,0
2025-08-12,61600,64000,61400,61500,400252,24615498000,0.0,-50669,37817,7033,3173,-897,-1642,135,0,6264,6342,-523,0
2025-08-13,62400,62400,61200,62400,120694,7531305600,1.4634,-18777,14890,4089,-3326,40,-1004,1616,0,6763,-216,14,0
2025-08-14,62700,63400,62100,63400,208610,13225874000,1.6026,-83322,63259,9811,1520,3823,-23,64,0,4427,10564,-312,0
2025-08-18,63500,63500,61500,61800,111015,6860727000,-2.5237,13438,-7174,-5918,0,1347,326,-64,0,-7537,-499,153,10
2025-08-19,61500,61600,59800,60300,119246,7190533800,-2.4272,-1125,-6476,9657,7177,109,-3139,-918,0,6428,-1642,-414,0
2025-08-20,58600,59400,58000,59000,120769,7125371000,-2.1559,-7936,6874,4499,119,-249,-533,121,-7000,12096,-2382,-1055,-55
2025-08-21,59200,59900,58600,59000,83511,4927149000,0.0,2716,-5050,458,4829,134,-853,314,0,-3966,1900,-24,0
2025-08-22,58900,60900,58900,60500,116249,7033064500,2.5424,-27144,27711,-2790,530,104,947,-297,0,-4074,2344,-121,0
2025-08-25,61800,65500,61200,63400,805920,51095328000,4.7934,-191406,150467,40139,5081,19042,1100,1112,0,14270,2254,-1454,-466
2025-08-26,62800,64600,62500,64600,939773,60709335800,1.8927,-105794,134490,-4759,10323,9770,-7157,-651,0,-17372,-24028,91,328
2025-08-27,65000,65000,63000,64000,271419,17370816000,-0.9288,-28654,29552,-2209,7832,1571,-642,1162,0,-12132,1511,-200,0
2025-08-28,65900,66000,63000,63700,293733,18710792100,-0.4688,65422,-53571,-8575,-2876,1797,-1344,325,0,-6477,-3676,400,0
2025-08-29,63100,63200,62100,62500,112533,7033312500,-1.8838,-13608,4430,9503,6970,110,66,320,0,2037,-541,216,0
2025-09-01,63300,63900,61200,61400,136352,8372012800,-1.76,-16222,13049,3404,4582,-497,519,-42,0,-1158,68,-299,0
2025-09-02,62000,62800,60300,62000,263931,16363722000,0.9772,142362,-118201,-25266,-9491,-314,-2084,-1158,0,-12219,1163,-58,0
2025-09-03,62300,62300,60800,61100,124209,7589169900,-1.4516,53655,-57015,2081,1285,8463,-1189,-80,0,-6398,1236,43,0
2025-09-04,61200,63800,61100,61500,279607,17195830500,0.6547,-10033,31171,-23025,-17924,-2804,20,-356,0,-1961,160,1727,0
2025-09-05,61400,61500,60800,61500,108878,6695997000,0.0,29805,-6906,-23192,-23319,-1647,975,-1244,0,2043,171,122,0
2025-09-08,62100,62500,61300,61700,111473,6877884100,0.3252,1980,1848,-3482,320,439,-3774,290,0,-757,-232,-114,0
2025-09-09,62000,62100,60800,61400,124237,7628151800,-0.4862,19003,-5001,-15452,-20539,-281,838,-1165,0,5695,1198,252,0
2025-09-10,62100,63800,62000,62400,331405,20679672000,1.6287,-44233,31609,14380,-80,-226,101,-183,0,14768,-1789,33,0
2025-09-11,62700,62800,61800,62800,217664,13669299200,0.641,16500,-72770,56565,4544,1496,415,411,0,49699,31,-326,0
2025-09-12,63300,64500,62750,63300,329830,20878239000,0.7962,-25506,40613,-20952,2494,-48317,-83,246,0,24708,1228,4617,0
2025-09-15,65300,66500,64000,64600,525549,33950465400,2.0537,78526,-70216,-15553,-143,-413,-708,-461,0,-13828,5902,1341,0
2025-09-16,66000,66400,63800,64700,285495,18471526500,0.1548,42987,-30000,-14220,6871,-743,1285,-94,0,-21539,1259,-26,0
2025-09-17,64100,64600,62900,62900,194273,12219771700,-2.7821,46845,-20307,-26159,-298,-7486,-965,-80,0,-17330,-786,407,0
2025-09-18,63900,66500,63800,65000,506972,32953180000,3.3386,-123,28617,-39346,2258,-73,697,-167,0,-42061,11744,-892,0
2025-09-19,64300,67800,63100,66400,790546,52492254400,2.1538,-115220,133825,-19814,2160,3605,358,-171,0,-25766,547,662,0
2025-09-22,71100,75300,70200,71200,2704662,192571934400,7.2289,-20210,-30690,66530,49649,18467,19325,10464,0,-31375,-17428,1798,0
2025-09-23,71800,71900,69000,69900,610774,42693102600,-1.8258,43339,-25742,-22950,633,329,-7730,-163,0,-16019,6331,-978,0
2025-09-24,68900,69800,66800,67400,421212,28389688800,-3.5765,91827,-70158,-24158,2978,275,-6530,-5496,0,-15385,2088,401,0
2025-09-25,68300,71300,67100,68900,658753,45388081700,2.2255,41879,-30634,-1278,9208,-81,1424,2684,0,-14513,-10780,813,0
2025-09-26,69600,70100,65700,66600,422461,28135902600,-3.3382,72693,-51337,-19702,-6369,173,-1,0,0,-13505,-2735,1081,0
2025-09-29,67800,68100,66600,66700,168188,11218139600,0.1502,41240,-28902,-9276,-3626,536,-179,-185,0,-5822,-2957,-105,0
2025-09-30,67500,67800,65400,65900,179914,11856332600,-1.1994,-18751,21549,-4740,720,-611,-1499,137,0,-3487,1930,12,0
2025-10-01,65600,65800,64100,64900,267940,17389306000,-1.5175,3019,-4439,21851,13750,-251,-1106,-21,0,9479,-18118,-2313,0
2025-10-02,65300,68000,63700,68000,263156,17894608000,4.7766,-84973,-213,94889,14627,3440,53,-550,0,77319,-9551,-152,0
2025-10-10,67000,70600,66000,70300,694462,48820678600,3.3824,-132109,135423,-6295,780,-61,693,-471,0,-7236,1463,1518,0
2025-10-13,68300,70500,67300,69700,466312,32501946400,-0.8535,22144,-7769,-15968,1635,522,849,-127,0,-18847,2369,-776,0
2025-10-14,70800,73800,67400,68400,953331,65207840400,-1.8651,8137,262,-4956,15177,-3012,-437,-246,0,-16438,-5834,2391,0
2025-10-15,70400,72500,69200,71900,658518,47347444200,5.117,-213218,158651,52049,30086,1537,68,1152,0,19206,2739,-221,0
2025-10-16,76700,77300,72500,73100,1012096,73984217600,1.669,160391,-150522,-10958,7853,-1303,-4349,-463,0,-12696,267,822,0
2025-10-17,71300,73700,71100,71800,424327,30466678600,-1.7784,-39469,-19000,61638,60598,982,377,121,0,-440,-2764,-405,0
2025-10-20,72500,74400,71100,73700,641050,47245385000,2.6462,-79663,52716,21098,26847,-41,-1048,-185,0,-4475,5311,538,0
2025-10-21,75500,75500,72000,72400,507723,36759145200,-1.7639,43929,-61023,17584,27006,-2055,-8362,-621,0,1616,-208,-282,0
2025-10-22,72500,72600,70300,72000,291999,21023928000,-0.5525,27165,-7066,-20194,12959,-13773,-22486,-52,0,3158,-8,103,0
2025-10-23,71100,71800,70400,70600,221326,15625615600,-1.9444,29559,-55636,23643,32697,-2546,-2392,-1196,0,-2920,2695,-261,0
2025-10-24,71300,74000,70800,73100,480674,35137269400,3.5411,-168633,105811,64558,19146,14207,13518,-132,0,17819,-1330,-406,0
2025-10-27,73400,73600,72100,72500,262224,19011240000,-0.8208,56351,-60204,272,-4984,130,848,-637,0,4915,3882,-301,0
2025-10-28,72900,73400,71500,72200,241046,17403521200,-0.4138,-20293,32865,-12412,-4344,-252,-1608,-88,0,-6120,-552,392,0
2025-10-29,73100,73200,72100,72900,274817,20034159300,0.9695,-18725,11117,11049,-2553,-13,13,-204,0,13806,-3484,43,0
2025-10-30,72800,72800,70200,71100,291722,20741434200,-2.4691,31365,-36402,4979,324,-116,-1931,-712,0,7414,252,-194,0
2025-10-31,74200,81200,72700,78000,2627958,204980724000,9.7046,-357846,324775,44318,-1784,18200,3020,4994,0,19888,-1081,-10166,0
2025-11-03,81200,95500,80000,92100,5024284,462736556400,18.0769,-200314,46255,149587,26043,41344,38713,14073,0,29414,5387,-915,0
2025-11-04,90000,90900,86800,88600,1080255,95710593000,-3.8002,79529,-70984,-17059,1507,-13873,-21990,-2533,0,19830,8717,-203,0
2025-11-05,84900,85400,78100,81400,1137406,92584848400,-8.1264,229757,-148572,-86469,-14929,-24401,-29914,-14451,0,-2774,5839,-555,0
2025-11-06,84500,84800,78500,79200,570330,45170136000,-2.7027,76763,-78911,1132,1218,-77,-6037,-152,0,6180,403,613,0
2025-11-07,75000,79500,74900,77100,427488,32959324800,-2.6515,-16215,10742,4056,6802,117,-531,302,0,-2634,2099,-682,0
2025-11-10,78400,79500,76000,79200,280218,22193265600,2.7237,11581,-35564,18023,10169,65,201,-117,-2,7707,5629,331,0
2025-11-11,82300,82500,77500,78500,371625,29172562500,-0.8838,31326,-31552,-442,-94,-241,-611,-136,0,640,743,-75,0
2025-11-12,79000,79500,76500,79000,178637,14112323000,0.6369,-6688,-1335,8125,-1830,-1221,-1062,-2030,0,14268,684,-786,0
2025-11-13,79000,81100,77500,81100,294288,23866756800,2.6582,-4423,2444,2087,-3685,2557,-510,-106,0,3831,1342,-1450,0
2025-11-14,78500,79900,77600,77700,196892,15298508400,-4.1924,18484,-11696,-8206,-1378,-2652,-530,174,0,-3789,1151,267,-31
2025-11-17,78700,78900,75600,75700,237478,17977084600,-2.574,45459,-18809,-28571,-22558,-14,-2187,-94,0,-3718,1374,547,0
2025-11-18,74500,75200,71100,72000,261820,18851040000,-4.8877,11123,-3911,-9753,400,-6535,-1116,147,0,-2649,3943,-1402,0
2025-11-19,75500,75800,71700,73500,338197,24857479500,2.0833,4926,-10916,4915,9698,283,-1101,17,0,-3982,574,501,0
2025-11-20,75100,75600,73500,73600,175087,12886403200,0.1361,25126,2223,-29017,-36620,-2249,16,-158,0,9994,1470,198,0
2025-11-21,70400,72000,70300,71000,147992,10507432000,-3.5326,8270,-1432,-8832,-9788,-85,-1641,74,0,2625,1631,363,-17
2025-11-24,72100,72200,69500,70400,177313,12482835200,-0.8451,-10709,5145,5213,-5457,-333,-2127,-37,0,13167,1505,-1154,0
2025-11-25,72000,72100,69100,69300,145241,10065201300,-1.5625,37597,-12311,-26815,-18968,-835,-2675,53,0,-4390,910,619,0
2025-11-26,70000,72000,69600,72000,136537,9830664000,3.8961,-41707,18597,22048,9173,4694,1397,-10,0,6794,1767,-705,0
2025-11-27,72900,74500,72200,73500,247444,18187134000,2.0833,-53275,-18976,64321,13201,43608,6004,-110,0,1618,8826,-896,0
2025-11-28,74200,78500,73800,77500,618609,47942197500,5.4422,-129832,72484,64257,27140,3920,12657,9603,0,10937,-5158,-1751,0
2025-12-01,78600,79200,74000,74500,405805,30232472500,-3.871,40070,-23375,-11833,-1925,31,4018,0,0,-13957,-5520,658,0
2025-12-02,75700,76100,74100,75800,161798,12264288400,1.745,7640,-8170,-1795,9268,408,-10321,73,0,-1223,2275,50,0
2025-12-03,75900,76700,74800,76700,187336,14368671200,1.1873,-681,41465,-40104,2175,-1039,-17688,17,0,-23569,-729,49,0
2025-12-04,80700,86300,79400,82700,2246989,185825990300,7.8227,-365372,297061,70263,57504,5387,-1286,8175,0,483,-311,-1641,0
2025-12-05,86800,86900,79200,80800,1191637,96284269600,-2.2975,66703,-94696,29194,16449,-1992,-6868,367,0,21238,-1623,422,0
2025-12-08,82600,82700,79900,81400,408207,33228049800,0.7426,40314,-50935,9354,-3786,3458,835,14200,0,-5353,295,972,0
2025-12-09,80200,83300,79400,81900,398284,32619459600,0.6143,-26158,-383,20262,-2321,1488,16444,-9,0,4660,5455,824,0
2025-12-10,82400,83700,81100,83600,406223,33960242800,2.0757,-132463,84204,46766,1896,284,13912,65,0,30609,3671,-2178,0
2025-12-11,84800,85300,81800,83500,499731,41727538500,-0.1196,17638,-56296,38136,-5314,-9410,-3111,-751,0,56722,868,-346,0
2025-12-12,83000,84300,82100,84000,370750,31143000000,0.5988,-44137,47097,1150,-498,2259,-3816,-11797,0,15002,-3753,-357,0
2025-12-15,82200,87400,81200,84600,622236,52641165600,0.7143,-52616,52777,-1110,-1547,6503,1551,-1,0,-7616,1348,-399,0
2025-12-16,84000,84000,80500,81100,388064,31471990400,-4.1371,50433,-27263,-24580,1297,-4768,-8071,-351,0,-12687,636,774,0
2025-12-17,81900,82000,79000,79600,222407,17703597200,-1.8496,10987,-8708,3444,80,514,1100,-393,0,2143,-5584,-139,0
2025-12-18,77300,80800,77100,77700,222513,17289260100,-2.3869,21802,-8602,-14201,-7385,-10,979,5,0,-7790,-250,1251,0
2025-12-19,79300,79800,76500,79400,247265,19632841000,2.1879,-4596,-10862,15490,4347,-2264,512,-848,0,13743,131,-163,0
2025-12-22,80700,83700,79800,82300,441589,36342774700,3.6524,-161679,95214,67965,6586,18838,5130,-181,0,37592,-708,-792,0
2025-12-23,83200,86300,82000,82800,723276,59887252800,0.6075,-42054,35403,7440,176,-243,1345,-61,0,6223,-1286,497,0
2025-12-24,81500,81500,78400,78700,775341,61019336700,-4.9517,376198,-286592,-99407,-42968,-983,-2821,-11142,0,-41493,8052,1749,0
2025-12-26,78800,79000,77000,77300,272517,21065564100,-1.7789,34168,-47479,3949,1413,7805,-5090,108,0,-287,5415,3947,0
2025-12-29,77700,79500,77700,78900,273758,21599506200,2.0699,-3967,37058,-32265,2667,-31600,-4415,-154,0,1237,-896,70,0
2025-12-30,79700,79700,77600,78000,196771,15348138000,-1.1407,34769,-31270,-2816,-3695,-265,-129,2503,0,-1230,-632,-51,0
2026-01-02,78400,81000,78400,80300,385819,30981265700,2.9487,-86272,74070,8827,2523,-266,-1740,-406,0,8716,2973,402,0
2026-01-05,81700,83700,80100,83100,481885,40044643500,3.4869,-119461,122013,7082,6705,36,-1020,-2397,0,3780,-8390,-1244,-22
2026-01-06,83300,83800,80000,81200,425286,34533223200,-2.2864,7423,-66620,59366,-1499,-4343,-996,-2728,0,68932,-672,503,0
2026-01-07,81900,90000,81200,86800,2174307,188729847600,6.8966,-379688,298609,83597,7289,417,7662,-2457,0,70686,-1081,-1437,0
2026-01-08,85500,85600,83000,83100,609699,50665986900,-4.2627,140416,-180123,39510,-15182,1611,-1196,-606,0,54883,18,179,0
2026-01-09,84800,85300,82300,83600,365848,30584892800,0.6017,40196,-35768,-3802,-8584,7746,-2639,-90,0,-235,-543,-83,0
2026-01-12,83500,83900,81300,82900,439340,36421286000,-0.8373,24288,-64559,41086,5666,264,-923,-150,0,36701,-795,-20,-472
2026-01-13,84000,86200,83400,85800,586370,50310546000,3.4982,-161526,131093,29520,10167,-9776,-4518,-361,0,34008,-143,1056,0
2026-01-14,86300,88300,84700,87900,720975,63373702500,2.4476,-104150,32507,64402,3214,1012,-2561,219,0,62518,8676,-1435,0
2026-01-15,88400,94800,86600,91300,2183283,199333737900,3.868,-249364,166255,96774,810,6349,87,2566,0,86962,-12455,-1210,0
2026-01-16,92000,96800,89200,90400,1627051,147085410400,-0.9858,-195751,52405,144301,12709,3526,-4375,106,0,132435,-3802,2847,-100
2026-01-19,94500,110900,93600,107700,5667656,610406551200,19.1372,-370340,318722,64593,9600,522,-5504,-2155,0,62230,-12146,-829,-100
2026-01-20,123100,124000,109200,118100,4559960,538531276000,9.6565,-27773,-94176,138517,34066,5961,-8805,-1652,0,108947,-17114,546,0
2026-01-21,113100,129300,112900,120800,3573994,431738475200,2.2862,69688,-104544,27594,16525,-3291,-14487,-177,0,29024,8673,-1411,0
2026-01-22,123600,123600,114750,115400,1388241,160203011400,-4.4702,-4434,-32290,37018,3508,857,-13411,116,0,45948,173,-467,0
2026-01-23,113500,119500,112400,114100,1028365,117336446500,-1.1265,-156361,36897,122958,14548,3384,25476,960,0,78590,-200,-3294,0
2026-01-26,109900,130600,109900,119900,3193336,382880986400,5.0833,-75369,139365,-58322,-4395,-1102,-10918,-39,0,-41868,-5076,-598,0
2026-01-27,119700,120700,117600,118600,593474,70386016400,-1.0842,14700,-85179,65331,213,-3875,-2243,-144,0,71380,5653,-505,0
2026-01-28,120000,124700,118800,120400,882417,106243006800,1.5177,49850,-30551,-8012,-3189,104,4746,-366,0,-9307,-10960,-327,0
2026-01-29,119400,121200,116900,119800,735018,88055156400,-0.4983,20399,-42281,23620,-5362,434,-809,-275,0,29632,-2530,792,0
2026-01-30,121300,121400,114000,114100,807229,92104828900,-4.7579,180591,-201458,18094,10012,-1571,-2220,-408,0,12281,1397,1376,0
2026-02-02,110400,114800,105000,107200,752005,80614936000,-6.0473,-10366,46527,-35749,-3754,-367,-32630,93,0,909,-81,-331,0
2026-02-03,110000,111800,107100,111000,410172,45529092000,3.5448,-69883,41040,29215,7156,-360,-12554,-146,0,35119,-614,242,0
2026-02-04,114100,115600,111300,113600,325661,36995089600,2.3423,13412,-42407,34215,12800,1209,4103,-193,0,16296,-5200,-20,0
2026-02-05,111400,112000,106800,107800,348276,37544152800,-5.1056,79367,-34153,-46902,-7562,-1388,-21351,123,-8,-16716,1380,308,0
2026-02-06,101500,104400,98000,101700,414856,42190855200,-5.6586,13536,10179,-19745,5526,-6807,-4600,-4758,0,-9106,-4644,674,0
2026-02-09,105200,105500,102200,103800,235266,24420610800,2.0649,14777,-25686,9834,9941,-98,-4453,252,0,4192,639,436,0
2026-02-10,108800,110100,103800,104100,323260,33651366000,0.289,50022,-30980,-13741,13625,-963,-37838,-246,0,11681,-4594,-707,0
2026-02-11,105000,105000,101600,103300,253968,26234894400,-0.7685,34473,-36332,2352,4716,-1286,-21531,-1700,0,22153,-580,87,0
2026-02-12,102200,102800,100000,102500,399650,40964125000,-0.7744,-18623,20003,-3090,-13230,-283,-36719,-350,0,47492,2362,-652,0
2026-02-13,100400,101000,99300,100100,267118,26738511800,-2.3415,49288,-23512,-27809,-6891,-321,-4580,-1707,0,-14310,1348,685,0
2026-02-19,100700,102500,98400,101900,286525,29196897500,1.7982,-47357,47580,2062,7309,523,-3012,-391,0,-2367,-1421,-864,0
2026-02-20,102100,102200,100200,100500,201408,20241504000,-1.3739,34720,-4068,-34929,-1705,533,-14046,-1047,0,-18664,3611,666,0
2026-02-23,101500,104400,100700,102400,347818,35616563200,1.8905,-57264,75784,-16931,12955,31,-479,-1300,0,-28138,-995,-594,0
2026-02-24,102900,106900,101000,105700,302029,31924465300,3.2227,-14563,26928,-4125,-13108,188,4339,-1003,0,5459,-7487,-753,0
2026-02-25,106600,107300,104000,107300,12043958,1292316693400,1.5137,30976,-27436,7085879,9124,-1490,-21083,-331,0,7099659,-7089581,162,0
2026-02-26,111600,111600,107700,110400,545800,60256320000,2.8891,107609,-104826,-2907,596,-153,10433,761,0,-14544,-109,233,0
2026-02-27,108300,109300,104500,106500,411497,43824430500,-3.5326,111398,-77028,-39004,-28203,300,10128,295,0,-21524,3705,929,0
2026-03-03,102800,105900,98200,98300,507189,49856678700,-7.6995,8658,-1533,-7727,8421,760,9290,95,0,-26293,89,513,0
2026-03-04,89200,93700,79100,80600,740726,59702515600,-18.0061,-82845,52810,29122,3604,3532,20001,-1078,0,3063,3060,-2147,0
2026-03-05,87800,93300,87800,90600,491497,44529628200,12.4069,-20063,16464,2700,-2679,12962,-3921,-315,0,-3347,878,21,0
2026-03-06,88600,94500,87200,91100,369010,33616811000,0.5519,69784,-45507,-16734,-22299,2364,22451,435,0,-19685,-8177,634,0
2026-03-09,85500,87200,81400,85500,335021,28644295500,-6.1471,78558,-53408,-16841,6859,75,-1202,59,0,-22632,-7967,-342,0
2026-03-10,90900,92000,88700,90000,291880,26269200000,5.2632,-33957,3226,31111,1243,2395,-137,-8,0,27618,-835,455,0
2026-03-11,93700,94700,89400,90700,292299,26511519300,0.7778,50896,-47502,-6008,-10630,-990,-6840,-112,0,12564,2437,177,0
2026-03-12,90600,94300,89000,94300,219243,20674614900,3.9691,54647,-84980,28768,-6149,391,-1145,-209,0,35880,1321,244,0
2026-03-13,90200,90700,89100,89500,626968,56113636000,-5.0901,205383,-105560,-98126,13215,-30349,-47193,129,0,-33928,-2001,304,0
2026-03-16,89000,90200,86300,88000,204615,18006120000,-1.676,53696,-33169,-22266,-8120,1283,-1044,72,0,-14457,1409,330,0
2026-03-17,90000,90500,89100,89200,139373,12432071600,1.3636,-4863,17310,-13004,-4909,-5261,-3633,-136,0,935,8,549,0
2026-03-18,90400,91200,90000,90400,168439,15226885600,1.3453,11046,-988,-9504,-17549,-5729,-1020,-160,0,14954,433,-987,0
2026-03-19,89400,90200,88300,89200,179378,16000517600,-1.3274,23576,19604,-43999,-27673,11,-661,-3,0,-15673,544,275,0
2026-03-20,90000,90500,88600,89300,134637,12023084100,0.1121,-8086,7757,753,-2851,71,-417,-42,0,3992,-279,-145,0
2026-03-23,86600,86800,82700,83200,242380,20166016000,-6.8309,61555,2934,-67893,-8507,-851,-51072,55,0,-7508,1035,2369,-10
2026-03-24,86600,87200,82200,86000,143728,12360608000,3.3654,-22963,23776,1170,-6318,-35,-1117,-208,0,8852,-346,-1637,-4
2026-03-25,86800,89700,86700,88800,174311,15478816800,3.2558,-40614,43868,1381,2982,1114,-7445,-72,0,4802,-3422,-1213,0
2026-03-26,88300,88300,85000,85400,128743,10994652200,-3.8288,20044,-14744,-6261,-4446,600,411,-30,0,-2787,901,60,-9
2026-03-27,82400,85400,81100,84900,166771,14158857900,-0.5855,17561,17744,-34964,2846,1127,-31154,77,0,-7860,-457,116,0
2026-03-30,80500,81500,79300,80700,184216,14866231200,-4.947,19872,-1305,-18973,10878,24,-27756,62,0,-2178,224,182,-3
2026-03-31,80000,83000,78200,79500,211405,16806697500,-1.487,-43397,22610,19922,3492,1230,-1227,26,0,16401,923,-58,0
2026-04-01,82700,85900,82300,84600,172535,14596461000,6.4151,-80083,44766,36125,2962,820,8204,-232,0,24421,-346,-462,-50
2026-04-02,89000,89100,81200,82600,273693,22607041800,-2.3641,-1605,-10367,10910,-3879,694,18906,11,0,-4848,1043,19,26
2026-04-03,84500,84600,82100,82500,103586,8545845000,-0.1211,20651,-15540,-4408,-1772,2927,-1267,-29,0,-4267,-709,6,0
2026-04-06,82900,83800,81000,81500,115940,9449110000,-1.2121,31963,-20810,-12014,-9688,24,-7512,-4,0,5166,648,213,0
2026-04-07,82600,84500,80800,81400,124567,10139753800,-0.1227,-10789,8610,2091,4694,462,-14509,-8,0,11452,27,61,0
2026-04-08,85000,88800,84300,88700,262786,23309118200,8.9681,-151294,77940,77492,-6118,4304,40664,-352,0,38994,-3835,-303,0
2026-04-09,88200,91500,85500,91500,514234,47052411000,3.1567,-139282,-65724,201687,-1769,191001,-20105,-244,0,32804,4756,-1437,0
2026-04-10,91100,91300,89200,89500,338127,30262366500,-2.1858,38184,-33520,-3922,170,403,3670,-47,0,-8118,-374,-368,0
2026-04-13,87700,88600,86900,88100,93157,8207131700,-1.5642,-6347,5708,882,2405,6094,-1099,66,0,-6584,-162,-81,0
2026-04-14,89500,91200,89000,90600,192585,17448201000,2.8377,-97037,88167,10952,1560,1217,1101,-122,0,7196,-1987,-95,0
2026-04-15,92200,93600,91600,93300,286231,26705352300,2.9801,-129032,64091,67346,2856,-159,41949,-267,0,22980,-1969,-436,-13
2026-04-16,94600,95700,92700,94100,245014,23055817400,0.8574,-13162,-18376,31368,-4377,574,25534,-89,0,9726,262,-92,0
2026-04-17,95500,95500,93100,93500,143707,13436604500,-0.6376,26860,-16881,-10100,1282,904,-10404,-245,0,-1637,47,74,0
2026-04-20,93000,94100,91800,93300,150218,14015339400,-0.2139,-12751,21629,-8882,-4402,27,-22,-106,0,-4379,51,-47,0
2026-04-21,93900,93900,92400,92600,121487,11249696200,-0.7503,18268,-14324,-4100,3640,-45,-1370,-59,0,-6266,31,125,0
2026-04-22,93000,93300,90900,92900,112039,10408423100,0.324,1579,11124,-12759,-684,190,-1860,-76,0,-10329,-234,290,0
2026-04-23,94100,94900,90600,92100,203613,18752757300,-0.8611,29747,-16435,-13993,-1125,-488,-13877,-194,0,1691,515,166,0
2026-04-24,92300,95400,91500,94100,258405,24315910500,2.1716,-82760,87874,-3367,-4497,375,-1504,-42,0,2301,-784,-963,0
2026-04-27,96700,102000,95300,101300,664732,67337351600,7.6514,-154533,56333,99886,17686,4311,33125,429,0,44335,-1274,-412,0
2026-04-28,104000,104000,98100,100100,324623,32494762300,-1.1846,78497,-84093,5107,-15539,-69,11929,1043,0,7661,-86,575,82
2026-04-29,101900,108500,99600,102200,656366,67080605200,2.0979,-18655,-71807,92830,12995,-2987,-16656,7392,0,92007,-2210,-158,79
2026-04-30,120000,120700,106400,110200,1839947,202762159400,7.8278,453266,-211984,-232206,-13118,4367,-23645,-8360,0,-191370,-12018,2942,-80
2026-05-04,112400,112400,107100,107800,644925,69522915000,-2.1779,215588,-143176,-79639,-1803,700,19955,954,0,-99444,6052,1175,-1
2026-05-06,108600,108600,104200,104700,607040,63557088000,-2.8757,176270,-9562,-167924,-13777,-8860,-5047,-1235,0,-138994,924,292,-11
2026-05-07,100100,101000,97500,99100,5661910,561095281000,-5.3486,342713,4104536,-1876269,25259,-1358,-34638,810,0,-1866292,-2571026,46,-50
2026-05-08,101900,102400,99100,101000,1622176,163839776000,1.9173,305708,-568769,251127,5564,137,121109,4927,0,119391,9809,2125,-1
2026-05-11,101000,105600,98800,104400,1118658,116787895200,3.3663,-25509,-79333,96902,9800,-750,-898,-103,0,88854,6179,1761,-1
2026-05-12,107700,114900,97100,101200,2759492,279260590400,-3.0651,166791,-236906,86720,-13772,-177,-1428,26,0,102071,-19623,3018,0
2026-05-13,102400,103900,99600,102600,665101,68239362600,1.3834,78453,-147071,65483,7431,-52,-281,9,0,58376,2265,870,0
2026-05-14,107400,111100,102500,106800,1143447,122120139600,4.0936,17946,-90736,71985,-4998,8658,-5170,-1792,0,75365,-2574,3379,-78
2026-05-15,110600,138800,109500,127400,8437915,1074990371000,19.2884,-484730,358903,110312,1512,2994,-6914,8325,0,104395,4144,11371,0
2026-05-18,132100,132100,112500,117900,3025824,356744649600,-7.4568,743003,-517565,-228950,-1097,16,-65777,151,0,-162243,10646,-7134,0
2026-05-19,108200,108800,98800,100100,7609259,761686825900,-15.0975,878427,4173305,-3497319,-31063,-921,-32004,-2198,0,-3431133,-1554479,66,0
2026-05-20,102200,102700,93000,95500,1559219,148905414500,-4.5954,367674,-371013,-9123,-12379,-653,408,22,0,3479,10110,2352,0
2026-05-21,99700,108900,98200,107600,2057605,221398298000,12.6702,-229617,157456,71807,-1336,792,2259,-547,0,70639,-713,1067,0
2026-05-22,106200,108900,104200,106600,936437,99824184200,-0.9294,-64468,-21543,75549,2526,1864,22632,-45,0,48572,3160,7302,0
2026-05-26,109900,110000,106100,106900,888691,95001067900,0.2814,103220,-89536,-9591,-52854,-39,24564,-6336,0,24222,2604,-6697,852
2026-05-27,105700,106900,101100,103000,855856,88153168000,-3.6483,15953,17297,-34350,-3244,-173,-29133,-366,0,-1434,-1369,2469,0
2026-05-28,105000,110500,96000,100400,1278622,128373648800,-2.5243,175073,-159593,-20059,-371,237,-9202,175,0,-10898,583,3996,0
2026-05-29,103200,107300,100000,106500,1281197,136447480500,6.0757,-106908,45748,59760,10498,1901,9220,-5580,0,43721,653,747,0
2026-06-01,123900,138400,123200,138400,3538477,489725216800,29.9531,-770649,731006,31559,-572,4391,22752,523,0,4465,-2543,10627,0
2026-06-02,165600,170000,138400,166700,9339442,1556884981400,20.448,656411,-715894,62982,101422,4261,-10854,248,0,-28475,8043,-11542,-3620
2026-06-04,155700,165500,145100,157900,4040585,638008371500,-5.2789,95427,-78117,-18623,-330,5655,11462,348,0,-35758,14127,-12814,0
2026-06-05,138500,145400,128100,140300,4083662,572937778600,-11.1463,365790,1619986,-1526675,-9486,5589,58770,285,0,-1581808,-458941,-160,-25
2026-06-08,140500,154000,126100,127200,3883639,493998880800,-9.3371,632035,-556032,-99594,39572,-1158,-102479,5252,0,-40781,16679,6912,0
2026-06-09,130200,132200,112400,116600,2198078,256295894800,-8.3333,146433,-141202,-4867,-7773,-3392,-51758,110,0,57946,-3363,2999,0
2026-06-10,115600,118700,104100,106600,1402529,149509591400,-8.5763,-21331,15365,-6206,823,732,-30443,438,0,22269,1999,10173,-25
2026-06-11,101100,109300,98500,109300,1546492,169031575600,2.5328,62944,-463084,408046,9596,278178,25660,22538,0,72074,2414,-10320,0
2026-06-12,113000,119300,107800,110400,1702187,187921444800,1.0064,98306,-145245,42220,21226,23904,-14192,9255,0,2027,-1972,6691,0
2026-06-15,113800,115100,110400,111400,746344,83142721600,0.9058,115817,-99263,-14701,-16359,657,656,-965,0,1310,3893,-5746,0
2026-06-16,114400,114600,108500,109000,585096,63775464000,-2.1544,85916,-58758,-25826,-3581,-6917,-192,-2345,0,-12791,-1607,275,0
2026-06-17,107500,109300,104800,106200,483479,51345469800,-2.5688,44760,15519,-64915,-1360,-1121,-61653,-169,0,-612,-3482,8118,0
2026-06-18,108600,108900,102100,102700,534190,54861313000,-3.2957,75466,-19508,-56376,8493,-1186,-28531,-249,0,-34903,-1148,1566,0
2026-06-19,102400,103900,98000,101800,1103887,112375696600,-0.8763,-70869,69673,3936,-8567,3317,8612,-292,0,866,-830,-1910,0
2026-06-22,100500,101800,99100,100400,416677,41834370800,-1.3752,-36426,23834,15192,-1685,4046,28367,-92,0,-15444,-666,-1934,0
2026-06-23,99400,100600,88200,88800,812751,72172288800,-11.5538,-17628,38580,-17822,-1030,4407,22483,-161,0,-43521,1446,-4576,0
2026-06-24,95000,100600,90600,95000,1100505,104547975000,6.982,-9296,-14674,16936,-2690,3436,53378,-106,0,-37082,2950,4084,0
2026-06-25,97100,98000,91300,92300,401282,37038328600,-2.8421,33702,-22850,-3958,-3600,793,19892,-331,0,-20712,-5041,-1853,0
2026-06-26,90100,90700,82300,85000,557438,47382230000,-7.909,30950,53309,-83703,-88997,11247,13643,-2370,0,-17226,495,-1051,0
2026-06-29,85000,92900,83200,91600,480456,44009769600,7.7647,-88269,7897,78965,-2940,7331,47451,-10,0,27133,-487,1894,0
2026-06-30,94400,94500,89500,90300,323289,29192996700,-1.4192,39196,-55307,18551,16688,-93,-154,547,0,1563,-320,-2120,0
2026-07-01,91500,93800,88600,89300,542918,48482577400,-1.1074,-373,-17344,18498,725,1992,205,37,0,15539,1318,-2099,0
2026-07-02,87000,87100,81600,83300,677026,56396265800,-6.7189,-42481,-3104,46222,-6294,21408,1771,178,0,29159,-545,-92,0
2026-07-03,83300,84800,79000,84600,521125,44087175000,1.5606,-57765,3649,46460,-2294,482,33897,-1280,0,15655,96,7560,0
2026-07-06,84500,85300,80100,82500,422954,34893705000,-2.4823,-2102,5509,-8738,17390,-27709,-298,-123,0,2002,119,5212,0
2026-07-07,81800,82300,76100,78800,598240,47141312000,-4.4848,562,-55247,54219,-5595,495,974,-73,0,58418,581,-115,0
2026-07-08,76000,76900,71500,72500,664799,48197927500,-7.9949,-105460,109743,-3808,-32359,-1692,-7583,164,0,37662,-427,-48,0
2026-07-09,72500,75800,70100,70400,720064,50692505600,-2.8966,-58726,102559,-38360,-7981,-48283,-14483,44,0,32343,-5117,-356,0
2026-07-10,71800,76000,71800,74500,375511,27975569500,5.8239,-46292,38397,7091,-9470,194,6646,155,0,9566,1057,-253,0
2026-07-13,74500,76600,69500,70100,528906,37076310600,-5.906,14902,-32084,11247,239,-594,513,36,0,11053,778,5157,0
2026-07-14,70000,70000,64000,66700,621546,41457118200,-4.8502,3987,-16055,9772,-1830,-2690,-1417,679,0,15030,-206,2502,0
2026-07-15,68100,72500,68100,70600,497122,35096813200,5.8471,-63318,73327,-10864,-1480,2,4663,-133,0,-13916,561,294,0
2026-07-16,69400,69400,65200,67000,365418,24483006000,-5.0992,45880,-8213,-38273,-42923,-141,-3018,825,0,6984,109,497,0
2026-07-20,65100,65400,61200,61800,462677,28593438600,-7.7612,52965,-54006,429,-3469,383,-2573,384,0,5704,34,578,0
2026-07-21,61000,65700,59700,63900,581959,37187180100,3.3981,28415,-4940,2531,2010,-592,863,284,0,-34,-25560,-446,0
2026-07-22,71100,75600,67300,67600,1887161,127572083600,5.7903,81274,-69417,-16835,-9639,-3576,-6062,337,0,2105,4682,296,0
2026-07-23,69200,70300,65500,69800,742814,51848417200,3.2544,39043,-51221,11496,28336,915,3592,78,0,-21425,472,210,0
2026-07-24,68200,68300,64200,64700,531070,34360229000,-7.3066,119755,-26609,-92122,-31717,37,-23404,-2,0,-37036,-752,-272,0
2026-07-27,65100,68600,64300,66200,409083,27081294600,2.3184,-13845,-28322,40173,7590,-463,8213,362,0,24471,1263,731,0
2026-07-28,63700,64600,59500,60400,473667,28609486800,-8.7613,58042,-84036,24413,2709,-1090,12296,-238,0,10736,428,1153,0
2026-07-29,61900,63900,54200,57500,917110,52733825000,-4.8013,74028,-120714,45401,14808,8084,5605,426,0,16478,666,619,0
2026-07-30,55400,60600,55100,55400,554186,30701904400,-3.6522,40335,-23708,-18160,-21516,-9613,4055,316,0,8598,-64,1597,0
2026-07-31,56300,62300,56300,61600,901054,55504926400,11.1913,-153152,166077,-7095,5911,921,-6500,564,0,-7991,-1948,-3882,0
2026-08-03,61600,67100,60000,64400,870792,56079004800,4.5455,9553,-10703,-1601,4919,-2362,4053,35,0,-8246,2078,673,0
2026-08-04,64100,68800,63400,68500,527866,36158821000,6.3665,-72174,31082,42662,8770,981,3753,368,0,28790,-1055,-515,0
